-- phpMyAdmin SQL Dump
-- version 3.4.10.1deb1
-- http://www.phpmyadmin.net
--
-- Host: localhost
-- Generation Time: Jul 12, 2012 at 10:35 AM
-- Server version: 5.5.24
-- PHP Version: 5.3.10-1ubuntu3.2

SET SQL_MODE="NO_AUTO_VALUE_ON_ZERO";
SET time_zone = "+00:00";


/*!40101 SET @OLD_CHARACTER_SET_CLIENT=@@CHARACTER_SET_CLIENT */;
/*!40101 SET @OLD_CHARACTER_SET_RESULTS=@@CHARACTER_SET_RESULTS */;
/*!40101 SET @OLD_COLLATION_CONNECTION=@@COLLATION_CONNECTION */;
/*!40101 SET NAMES utf8 */;

--
-- Database: `ems_20120711`
--

-- --------------------------------------------------------

--
-- Table structure for table `academic_term`
--

CREATE TABLE IF NOT EXISTS `academic_term` (
  `academic_term_id` int(2) NOT NULL AUTO_INCREMENT,
  `academic_term_name` varchar(30) NOT NULL,
  `academic_term_period_id` int(11) NOT NULL,
  PRIMARY KEY (`academic_term_id`),
  KEY `fk_period_id` (`academic_term_period_id`)
) ENGINE=InnoDB  DEFAULT CHARSET=latin1 AUTO_INCREMENT=7 ;

--
-- Dumping data for table `academic_term`
--

INSERT INTO `academic_term` (`academic_term_id`, `academic_term_name`, `academic_term_period_id`) VALUES
(1, 'SEM-1', 1),
(2, 'SEM-2', 1),
(3, 'SEM-1', 2),
(4, 'SEM-2', 2),
(5, 'SEM-3', 2),
(6, 'SEM-4', 2);

-- --------------------------------------------------------

--
-- Table structure for table `academic_term_period`
--

CREATE TABLE IF NOT EXISTS `academic_term_period` (
  `academic_terms_period_id` int(2) NOT NULL AUTO_INCREMENT,
  `academic_terms_period_name` varchar(50) DEFAULT NULL,
  `academic_term_period` varchar(10) NOT NULL,
  `academic_terms_period_start_date` date NOT NULL,
  `academic_terms_period_end_date` date NOT NULL,
  `academic_terms_period_organization_id` int(2) NOT NULL,
  `academic_terms_period_created_by` int(2) NOT NULL,
  `academic_terms_period_creation_date` datetime NOT NULL,
  PRIMARY KEY (`academic_terms_period_id`)
) ENGINE=InnoDB  DEFAULT CHARSET=latin1 AUTO_INCREMENT=3 ;

--
-- Dumping data for table `academic_term_period`
--

INSERT INTO `academic_term_period` (`academic_terms_period_id`, `academic_terms_period_name`, `academic_term_period`, `academic_terms_period_start_date`, `academic_terms_period_end_date`, `academic_terms_period_organization_id`, `academic_terms_period_created_by`, `academic_terms_period_creation_date`) VALUES
(1, NULL, '2011-2012', '2011-06-26', '2012-06-25', 0, 2, '2012-07-10 17:57:28'),
(2, NULL, '2012-2013', '2012-06-26', '2013-06-25', 1, 2, '2012-07-11 11:57:23');

-- --------------------------------------------------------

--
-- Table structure for table `academic_term_trans`
--

CREATE TABLE IF NOT EXISTS `academic_term_trans` (
  `academic_term_trans_id` int(2) NOT NULL AUTO_INCREMENT,
  `academic_term_trans_terms_id` int(2) NOT NULL,
  `academic_term_trans_academicterm_period_id` int(2) NOT NULL,
  PRIMARY KEY (`academic_term_trans_id`)
) ENGINE=InnoDB DEFAULT CHARSET=latin1 AUTO_INCREMENT=1 ;

-- --------------------------------------------------------

--
-- Table structure for table `assign_company_user_table`
--

CREATE TABLE IF NOT EXISTS `assign_company_user_table` (
  `id` int(9) NOT NULL AUTO_INCREMENT,
  `assign_user_id` int(5) NOT NULL,
  `assign_role_id` int(2) NOT NULL,
  `assign_org_id` int(2) NOT NULL,
  `assign_created_by` int(9) NOT NULL,
  `assign_creation_date` datetime NOT NULL,
  PRIMARY KEY (`id`),
  KEY `fk_user` (`assign_user_id`),
  KEY `fk_role` (`assign_role_id`),
  KEY `fk_org` (`assign_org_id`)
) ENGINE=MyISAM  DEFAULT CHARSET=latin1 AUTO_INCREMENT=2 ;

--
-- Dumping data for table `assign_company_user_table`
--

INSERT INTO `assign_company_user_table` (`id`, `assign_user_id`, `assign_role_id`, `assign_org_id`, `assign_created_by`, `assign_creation_date`) VALUES
(1, 2, 1, 1, 1, '2012-07-11 11:18:30');

-- --------------------------------------------------------

--
-- Table structure for table `assign_subject`
--

CREATE TABLE IF NOT EXISTS `assign_subject` (
  `assign_subject_id` int(3) NOT NULL AUTO_INCREMENT,
  `subject_id` int(3) NOT NULL,
  `subject_faculty_id` int(3) NOT NULL,
  `active` varchar(10) NOT NULL,
  `updated_date` datetime NOT NULL,
  `updated_user` int(5) NOT NULL,
  PRIMARY KEY (`assign_subject_id`),
  KEY `fk_sub_id` (`subject_id`),
  KEY `fk_emp_id` (`subject_faculty_id`)
) ENGINE=MyISAM DEFAULT CHARSET=latin1 AUTO_INCREMENT=1 ;

-- --------------------------------------------------------

--
-- Table structure for table `attendence`
--

CREATE TABLE IF NOT EXISTS `attendence` (
  `id` int(10) NOT NULL AUTO_INCREMENT,
  `st_id` int(10) NOT NULL,
  `attendence` varchar(10) DEFAULT NULL,
  `shift_id` int(11) NOT NULL,
  `sem_id` int(11) NOT NULL,
  `branch_id` int(11) NOT NULL,
  `div_id` int(11) NOT NULL,
  `sub_id` int(11) NOT NULL,
  `batch_id` int(11) NOT NULL,
  `timetable_id` int(11) DEFAULT NULL,
  `attendence_date` datetime NOT NULL,
  PRIMARY KEY (`id`),
  KEY `fk_a_shiftid` (`shift_id`),
  KEY `fk_a_bid` (`branch_id`),
  KEY `fk_a_atpid` (`sem_id`),
  KEY `fk_a_divid` (`div_id`),
  KEY `fk_a_btid` (`batch_id`),
  KEY `fk_a_subid` (`sub_id`),
  KEY `fk_a_stid` (`st_id`)
) ENGINE=MyISAM DEFAULT CHARSET=latin1 AUTO_INCREMENT=1 ;

-- --------------------------------------------------------

--
-- Table structure for table `AuthAssignment`
--

CREATE TABLE IF NOT EXISTS `AuthAssignment` (
  `itemname` varchar(64) NOT NULL,
  `userid` varchar(64) NOT NULL,
  `bizrule` text,
  `data` text,
  PRIMARY KEY (`itemname`,`userid`)
) ENGINE=InnoDB DEFAULT CHARSET=latin1;

--
-- Dumping data for table `AuthAssignment`
--

INSERT INTO `AuthAssignment` (`itemname`, `userid`, `bizrule`, `data`) VALUES
('Admin', '2', NULL, 'N;');

-- --------------------------------------------------------

--
-- Table structure for table `AuthItem`
--

CREATE TABLE IF NOT EXISTS `AuthItem` (
  `name` varchar(64) NOT NULL,
  `type` int(11) NOT NULL,
  `description` text,
  `bizrule` text,
  `data` text,
  PRIMARY KEY (`name`)
) ENGINE=InnoDB DEFAULT CHARSET=latin1;

--
-- Dumping data for table `AuthItem`
--

INSERT INTO `AuthItem` (`name`, `type`, `description`, `bizrule`, `data`) VALUES
('AcademicTermPeriod.*', 0, NULL, NULL, 'N;'),
('Admin', 2, 'Admin of the college', NULL, 'N;'),
('Assets.*', 0, NULL, NULL, 'N;'),
('AssetsDetails.*', 0, NULL, NULL, 'N;'),
('AssignCompanyUserTable.*', 0, NULL, NULL, 'N;'),
('AssignSubject.*', 0, NULL, NULL, 'N;'),
('Authenticated', 2, NULL, NULL, 'N;'),
('BankMaster.*', 0, NULL, NULL, 'N;'),
('Batch.*', 0, NULL, NULL, 'N;'),
('BlockUserTable.*', 0, NULL, NULL, 'N;'),
('Branch.*', 0, NULL, NULL, 'N;'),
('Category.*', 0, NULL, NULL, 'N;'),
('City.*', 0, NULL, NULL, 'N;'),
('Country.*', 0, NULL, NULL, 'N;'),
('Department.*', 0, NULL, NULL, 'N;'),
('Division.*', 0, NULL, NULL, 'N;'),
('Employee', 2, 'Employee of the college', NULL, 'N;'),
('EmployeeDesignation.*', 0, NULL, NULL, 'N;'),
('EmployeeDocs.*', 0, NULL, NULL, 'N;'),
('EmployeeDocsTrans.*', 0, NULL, NULL, 'N;'),
('EmployeeExperienceTrans.*', 0, NULL, NULL, 'N;'),
('EmployeeTransaction.*', 0, NULL, NULL, 'N;'),
('FeedbackDetails.*', 0, NULL, NULL, 'N;'),
('FeedbackMaster.*', 0, NULL, NULL, 'N;'),
('FeesDetailsTable.*', 0, NULL, NULL, 'N;'),
('FeesMaster.*', 0, NULL, NULL, 'N;'),
('FeesMasterTransaction.*', 0, NULL, NULL, 'N;'),
('FeesPaymentCash.*', 0, NULL, NULL, 'N;'),
('FeesPaymentCheque.*', 0, NULL, NULL, 'N;'),
('FeesPaymentMethod.*', 0, NULL, NULL, 'N;'),
('FeesPaymentTransaction.*', 0, NULL, NULL, 'N;'),
('FeesPaymentType.*', 0, NULL, NULL, 'N;'),
('FeesReceipt.*', 0, NULL, NULL, 'N;'),
('FeesTermsAndCondition.*', 0, NULL, NULL, 'N;'),
('Gtunotice.*', 0, NULL, NULL, 'N;'),
('Guest', 2, NULL, NULL, 'N;'),
('Holidays.*', 0, NULL, NULL, 'N;'),
('ImportantNotice.*', 0, NULL, NULL, 'N;'),
('Inward.*', 0, NULL, NULL, 'N;'),
('InwardDetails.*', 0, NULL, NULL, 'N;'),
('ItemCategory.*', 0, NULL, NULL, 'N;'),
('Languages.*', 0, NULL, NULL, 'N;'),
('LanguagesKnown.*', 0, NULL, NULL, 'N;'),
('MessageOfDay.*', 0, NULL, NULL, 'N;'),
('MiscellaneousFeesMaster.*', 0, NULL, NULL, 'N;'),
('MiscellaneousFeesPaymentCash.*', 0, NULL, NULL, 'N;'),
('MiscellaneousFeesPaymentCheque.*', 0, NULL, NULL, 'N;'),
('MiscellaneousFeesPaymentTransaction.*', 0, NULL, NULL, 'N;'),
('Nationality.*', 0, NULL, NULL, 'N;'),
('Organization.*', 0, NULL, NULL, 'N;'),
('Outward.*', 0, NULL, NULL, 'N;'),
('OutwardDetails.*', 0, NULL, NULL, 'N;'),
('Qualification.*', 0, NULL, NULL, 'N;'),
('Quota.*', 0, NULL, NULL, 'N;'),
('Religion.*', 0, NULL, NULL, 'N;'),
('Shift.*', 0, NULL, NULL, 'N;'),
('Site.*', 0, NULL, NULL, 'N;'),
('State.*', 0, NULL, NULL, 'N;'),
('Student', 2, 'Student of the college', NULL, 'N;'),
('StudentDocs.*', 0, NULL, NULL, 'N;'),
('StudentDocsTrans.*', 0, NULL, NULL, 'N;'),
('StudentTransaction.*', 0, NULL, NULL, 'N;'),
('SubjectMaster.*', 0, NULL, NULL, 'N;'),
('SubjectType.*', 0, NULL, NULL, 'N;'),
('SuperAdmin', 2, NULL, NULL, 'N;'),
('User.*', 0, NULL, NULL, 'N;'),
('VisitorPass.*', 0, NULL, NULL, 'N;'),
('Year.*', 0, NULL, NULL, 'N;');

-- --------------------------------------------------------

--
-- Table structure for table `AuthItemChild`
--

CREATE TABLE IF NOT EXISTS `AuthItemChild` (
  `parent` varchar(64) NOT NULL,
  `child` varchar(64) NOT NULL,
  PRIMARY KEY (`parent`,`child`),
  KEY `child` (`child`)
) ENGINE=InnoDB DEFAULT CHARSET=latin1;

--
-- Dumping data for table `AuthItemChild`
--

INSERT INTO `AuthItemChild` (`parent`, `child`) VALUES
('Admin', 'AcademicTermPeriod.*'),
('Admin', 'Assets.*'),
('Admin', 'AssetsDetails.*'),
('Admin', 'AssignCompanyUserTable.*'),
('Admin', 'AssignSubject.*'),
('Admin', 'BankMaster.*'),
('Admin', 'Batch.*'),
('Admin', 'BlockUserTable.*'),
('Admin', 'Branch.*'),
('Admin', 'Category.*'),
('Admin', 'City.*'),
('Admin', 'Country.*'),
('Admin', 'Department.*'),
('Admin', 'Division.*'),
('Admin', 'EmployeeDesignation.*'),
('Admin', 'EmployeeDocs.*'),
('Admin', 'EmployeeDocsTrans.*'),
('Admin', 'EmployeeExperienceTrans.*'),
('Admin', 'EmployeeTransaction.*'),
('Admin', 'FeedbackDetails.*'),
('Admin', 'FeedbackMaster.*'),
('Admin', 'FeesDetailsTable.*'),
('Admin', 'FeesMaster.*'),
('Admin', 'FeesMasterTransaction.*'),
('Admin', 'FeesPaymentCash.*'),
('Admin', 'FeesPaymentCheque.*'),
('Admin', 'FeesPaymentMethod.*'),
('Admin', 'FeesPaymentTransaction.*'),
('Admin', 'FeesPaymentType.*'),
('Admin', 'FeesReceipt.*'),
('Admin', 'FeesTermsAndCondition.*'),
('Admin', 'Gtunotice.*'),
('Admin', 'Holidays.*'),
('Admin', 'ImportantNotice.*'),
('Admin', 'Inward.*'),
('Admin', 'InwardDetails.*'),
('Admin', 'ItemCategory.*'),
('Admin', 'Languages.*'),
('Admin', 'LanguagesKnown.*'),
('Admin', 'MessageOfDay.*'),
('Admin', 'MiscellaneousFeesMaster.*'),
('Admin', 'MiscellaneousFeesPaymentCash.*'),
('Admin', 'MiscellaneousFeesPaymentCheque.*'),
('Admin', 'MiscellaneousFeesPaymentTransaction.*'),
('Admin', 'Nationality.*'),
('Admin', 'Outward.*'),
('Admin', 'OutwardDetails.*'),
('Admin', 'Qualification.*'),
('Admin', 'Quota.*'),
('Admin', 'Religion.*'),
('Admin', 'Shift.*'),
('Admin', 'Site.*'),
('Admin', 'State.*'),
('Admin', 'StudentDocs.*'),
('Admin', 'StudentDocsTrans.*'),
('Admin', 'StudentTransaction.*'),
('Admin', 'SubjectMaster.*'),
('Admin', 'SubjectType.*'),
('Admin', 'User.*'),
('Admin', 'VisitorPass.*'),
('Admin', 'Year.*');

-- --------------------------------------------------------

--
-- Table structure for table `background_table`
--

CREATE TABLE IF NOT EXISTS `background_table` (
  `id` int(3) NOT NULL AUTO_INCREMENT,
  `value_id` int(7) NOT NULL,
  PRIMARY KEY (`id`)
) ENGINE=InnoDB DEFAULT CHARSET=latin1 AUTO_INCREMENT=1 ;

-- --------------------------------------------------------

--
-- Table structure for table `bank_master`
--

CREATE TABLE IF NOT EXISTS `bank_master` (
  `bank_id` int(3) NOT NULL AUTO_INCREMENT,
  `bank_full_name` varchar(100) NOT NULL,
  `bank_short_name` varchar(15) NOT NULL,
  PRIMARY KEY (`bank_id`)
) ENGINE=MyISAM DEFAULT CHARSET=latin1 AUTO_INCREMENT=1 ;

-- --------------------------------------------------------

--
-- Table structure for table `batch`
--

CREATE TABLE IF NOT EXISTS `batch` (
  `batch_id` int(2) NOT NULL AUTO_INCREMENT,
  `batch_name` varchar(60) NOT NULL,
  `batch_code` varchar(100) NOT NULL,
  `batch_organization_id` int(2) NOT NULL,
  `batch_created_by` int(3) NOT NULL,
  `batch_creation_date` datetime NOT NULL,
  `branch_id` int(3) NOT NULL,
  `div_id` int(3) NOT NULL,
  `subject_id` int(5) NOT NULL,
  `academic_period_id` int(3) NOT NULL,
  `academic_name_id` int(3) NOT NULL,
  PRIMARY KEY (`batch_id`),
  KEY `fk_branch_id` (`branch_id`),
  KEY `fk_div_id` (`div_id`),
  KEY `fk_period_id` (`academic_period_id`),
  KEY `fk_acdm_name_id` (`academic_name_id`),
  KEY `fk_sub_id` (`subject_id`)
) ENGINE=InnoDB DEFAULT CHARSET=latin1 AUTO_INCREMENT=1 ;

-- --------------------------------------------------------

--
-- Table structure for table `block_user_table`
--

CREATE TABLE IF NOT EXISTS `block_user_table` (
  `block_user_id` int(5) NOT NULL AUTO_INCREMENT,
  `user_table_user_id` int(5) NOT NULL,
  PRIMARY KEY (`block_user_id`)
) ENGINE=MyISAM DEFAULT CHARSET=latin1 AUTO_INCREMENT=1 ;

-- --------------------------------------------------------

--
-- Table structure for table `branch`
--

CREATE TABLE IF NOT EXISTS `branch` (
  `branch_id` int(2) NOT NULL AUTO_INCREMENT,
  `branch_name` varchar(60) CHARACTER SET utf8 COLLATE utf8_unicode_ci NOT NULL,
  `branch_organization_id` int(2) NOT NULL,
  `branch_created_by` int(3) NOT NULL,
  `branch_creation_date` date NOT NULL,
  `branch_code` varchar(20) NOT NULL,
  PRIMARY KEY (`branch_id`)
) ENGINE=InnoDB  DEFAULT CHARSET=latin1 AUTO_INCREMENT=11 ;

--
-- Dumping data for table `branch`
--

INSERT INTO `branch` (`branch_id`, `branch_name`, `branch_organization_id`, `branch_created_by`, `branch_creation_date`, `branch_code`) VALUES
(1, 'Civil Engineering', 1, 2, '2012-07-11', 'CL'),
(2, 'Mechanical Engineering', 1, 2, '2012-07-11', 'ME'),
(3, 'Electrical Engineering', 1, 2, '2012-07-11', 'EE'),
(4, 'Computer Engineering', 1, 2, '2012-07-11', 'CE'),
(5, 'Electronics & Communication Engineering', 1, 2, '2012-07-11', 'EC'),
(6, 'Science & Humanities', 1, 2, '2012-07-11', 'SH'),
(7, 'HR Section', 1, 2, '2012-07-11', 'HR'),
(8, 'Stores Section', 1, 2, '2012-07-11', 'Store'),
(9, 'Accounts Section', 1, 2, '2012-07-11', 'ACC'),
(10, 'Students Section', 1, 2, '2012-07-11', 'STS');

-- --------------------------------------------------------

--
-- Table structure for table `category`
--

CREATE TABLE IF NOT EXISTS `category` (
  `category_id` int(2) NOT NULL AUTO_INCREMENT,
  `category_name` varchar(60) NOT NULL,
  `category_organization_id` int(2) NOT NULL,
  `category_created_by` int(3) NOT NULL,
  `category_created_date` datetime NOT NULL,
  PRIMARY KEY (`category_id`)
) ENGINE=InnoDB  DEFAULT CHARSET=latin1 AUTO_INCREMENT=7 ;

--
-- Dumping data for table `category`
--

INSERT INTO `category` (`category_id`, `category_name`, `category_organization_id`, `category_created_by`, `category_created_date`) VALUES
(1, 'Open', 1, 2, '2012-07-11 12:02:54'),
(2, 'S.E.B.C./O.B.C.', 1, 2, '2012-07-11 12:03:12'),
(3, 'S.C.', 1, 2, '2012-07-11 12:03:27'),
(4, 'S.T.', 1, 2, '2012-07-11 12:03:37'),
(5, 'P.H.', 1, 2, '2012-07-11 12:03:47'),
(6, 'Ex. Serviceman', 1, 2, '2012-07-11 12:04:01');

-- --------------------------------------------------------

--
-- Table structure for table `city`
--

CREATE TABLE IF NOT EXISTS `city` (
  `city_id` int(30) NOT NULL DEFAULT '0',
  `city_name` varchar(80) CHARACTER SET utf8 COLLATE utf8_unicode_ci NOT NULL,
  `country_id` int(30) NOT NULL,
  `state_id` int(30) NOT NULL,
  PRIMARY KEY (`city_id`)
) ENGINE=InnoDB DEFAULT CHARSET=latin1;

--
-- Dumping data for table `city`
--

INSERT INTO `city` (`city_id`, `city_name`, `country_id`, `state_id`) VALUES
(1, 'Adalaj', 106, 10),
(2, 'Adityana', 106, 10),
(3, 'Ahmedabad', 106, 10),
(4, 'Alang', 106, 10),
(5, 'Ambaji', 106, 10),
(6, 'Ambaliyasan', 106, 10),
(7, 'Amreli', 106, 10),
(8, 'Anand', 106, 10),
(9, 'Andada', 106, 10),
(10, 'Anjar', 106, 10),
(11, 'Anklav', 106, 10),
(12, 'Anklesvar', 106, 10),
(13, 'Antaliya', 106, 10),
(14, 'Arambhada', 106, 10),
(15, 'Atul', 106, 10),
(16, 'Bagasara', 106, 10),
(17, 'Balasinor', 106, 10),
(18, 'Bantwa', 106, 10),
(19, 'Bardoli', 106, 10),
(20, 'Bavla', 106, 10),
(21, 'Bhachau', 106, 10),
(22, 'Bhanvad', 106, 10),
(23, 'Bharuch', 106, 10),
(24, 'Bhavnagar', 106, 10),
(25, 'Bhayavadar', 106, 10),
(26, 'Bhuj', 106, 10),
(27, 'Bilimora', 106, 10),
(28, 'Bodeli', 106, 10),
(29, 'Boriavi', 106, 10),
(30, 'Borsad', 106, 10),
(31, 'Botad', 106, 10),
(32, 'Chaklasi', 106, 10),
(33, 'Chala', 106, 10),
(34, 'Chalala', 106, 10),
(35, 'Chalthan', 106, 10),
(36, 'Chanasma', 106, 10),
(37, 'Chanod', 106, 10),
(38, 'Chhatral', 106, 10),
(39, 'Chhota Udaipur', 106, 10),
(40, 'Chikhli', 106, 10),
(41, 'Chiloda', 106, 10),
(42, 'Chorvad', 106, 10),
(43, 'Dabhoi', 106, 10),
(44, 'Dakor', 106, 10),
(45, 'Damnagar', 106, 10),
(46, 'Deesa', 106, 10),
(47, 'Dehgam', 106, 10),
(48, 'Devgadbaria', 106, 10),
(49, 'Devsar', 106, 10),
(50, 'Dhandhuka', 106, 10),
(51, 'Dhanera', 106, 10),
(52, 'Dharampur', 106, 10),
(53, 'Dhola', 106, 10),
(54, 'Dholka', 106, 10),
(55, 'Dhoraji', 106, 10),
(56, 'Dhrangadhra', 106, 10),
(57, 'Dhrol', 106, 10),
(58, 'Digvijaygram', 106, 10),
(59, 'Dohad', 106, 10),
(60, 'Dungra', 106, 10),
(61, 'Dwarka', 106, 10),
(62, 'Gadhada', 106, 10),
(63, 'Gandevi', 106, 10),
(64, 'Gandhidham', 106, 10),
(65, 'Gandhinagar', 106, 10),
(66, 'Gariadhar', 106, 10),
(67, 'Ghogha', 106, 10),
(68, 'Godhra', 106, 10),
(69, 'Gondal', 106, 10),
(70, 'Hajira', 106, 10),
(71, 'Halol', 106, 10),
(72, 'Halvad', 106, 10),
(73, 'Harij', 106, 10),
(74, 'Himatnagar', 106, 10),
(75, 'Idar', 106, 10),
(76, 'Jafrabad', 106, 10),
(77, 'Jambusar', 106, 10),
(78, 'Jamjodhpur', 106, 10),
(79, 'Jamnagar', 106, 10),
(80, 'Jasdan', 106, 10),
(81, 'Jetpur Navagadh', 106, 10),
(82, 'Jhalod', 106, 10),
(83, 'Junagadh', 106, 10),
(84, 'Kadi', 106, 10),
(85, 'Kadodara', 106, 10),
(86, 'Kalavad', 106, 10),
(87, 'Kalol', 106, 10),
(88, 'Kandla', 106, 10),
(89, 'Kanodar', 106, 10),
(90, 'Kapadvanj', 106, 10),
(91, 'Karjan', 106, 10),
(92, 'Katpar', 106, 10),
(93, 'Keshod', 106, 10),
(94, 'Kevadiya', 106, 10),
(95, 'Khambhalia', 106, 10),
(96, 'Khambhat', 106, 10),
(97, 'Kharaghoda', 106, 10),
(98, 'Kheda', 106, 10),
(99, 'Khedbrahma', 106, 10),
(100, 'Kheralu', 106, 10),
(101, 'Kodinar', 106, 10),
(102, 'Kosamba', 106, 10),
(103, 'Kutiyana', 106, 10),
(104, 'Lathi', 106, 10),
(105, 'Limbdi', 106, 10),
(106, 'Limla', 106, 10),
(107, 'Lunawada', 106, 10),
(108, 'Mahesana', 106, 10),
(109, 'Mahudha', 106, 10),
(110, 'Mahuva', 106, 10),
(111, 'Mahuvar', 106, 10),
(112, 'Malpur', 106, 10),
(113, 'Manavadar', 106, 10),
(114, 'Mandvi', 106, 10),
(115, 'Mangrol', 106, 10),
(116, 'Mansa', 106, 10),
(117, 'Meghraj', 106, 10),
(118, 'Mehmedabad', 106, 10),
(119, 'Mithapur', 106, 10),
(120, 'Modasa', 106, 10),
(121, 'Morvi', 106, 10),
(122, 'Mundra', 106, 10),
(123, 'Nadiad', 106, 10),
(124, 'Nandej', 106, 10),
(125, 'Navsari', 106, 10),
(126, 'Ode', 106, 10),
(127, 'Okha', 106, 10),
(128, 'Paddhari', 106, 10),
(129, 'Padra', 106, 10),
(130, 'Palanpur', 106, 10),
(131, 'Palej', 106, 10),
(132, 'Palitana', 106, 10),
(133, 'Pardi', 106, 10),
(134, 'Parnera', 106, 10),
(135, 'Patan', 106, 10),
(136, 'Petlad', 106, 10),
(137, 'Porbandar', 106, 10),
(138, 'Prantij', 106, 10),
(139, 'Radhanpur', 106, 10),
(140, 'Rajkot', 106, 10),
(141, 'Rajpipla', 106, 10),
(142, 'Rajula', 106, 10),
(143, 'Ranavav', 106, 10),
(144, 'Rapar', 106, 10),
(145, 'Salaya', 106, 10),
(146, 'Sanand', 106, 10),
(147, 'Santrampur', 106, 10),
(148, 'Sarigam', 106, 10),
(149, 'Savarkundla', 106, 10),
(150, 'Sayan', 106, 10),
(151, 'Sidhpur', 106, 10),
(152, 'Sihor', 106, 10),
(153, 'Sikka', 106, 10),
(154, 'Songadh', 106, 10),
(155, 'Surajkaradi', 106, 10),
(156, 'Surat', 106, 10),
(157, 'Talaja', 106, 10),
(158, 'Talod', 106, 10),
(159, 'Thangadh', 106, 10),
(160, 'Tharad', 106, 10),
(161, 'Ukai', 106, 10),
(162, 'Umbergaon', 106, 10),
(163, 'Umreth', 106, 10),
(164, 'Una', 106, 10),
(165, 'Unjha', 106, 10),
(166, 'Upleta', 106, 10),
(167, 'Vadia', 106, 10),
(168, 'NONE', 106, 10);

-- --------------------------------------------------------

--
-- Table structure for table `country`
--

CREATE TABLE IF NOT EXISTS `country` (
  `id` int(30) NOT NULL DEFAULT '0',
  `name` varchar(80) NOT NULL,
  PRIMARY KEY (`id`)
) ENGINE=InnoDB DEFAULT CHARSET=latin1;

--
-- Dumping data for table `country`
--

INSERT INTO `country` (`id`, `name`) VALUES
(1, 'AFGHANISTAN'),
(2, 'ALBANIA'),
(3, 'ALGERIA'),
(4, 'AMERICAN SAMOA'),
(5, 'ANDORRA'),
(6, 'ANGOLA'),
(7, 'ANGUILLA'),
(8, 'AFGHANISTAN'),
(9, 'ALBANIA'),
(10, 'ALGERIA'),
(11, 'AMERICAN SAMOA'),
(12, 'ANDORRA'),
(13, 'ANGOLA'),
(14, 'ANGUILLA'),
(15, 'ANTARCTICA'),
(16, 'ANTIGUA AND BARBUDA'),
(17, 'ARGENTINA'),
(18, 'ARMENIA'),
(19, 'ARUBA'),
(20, 'AUSTRALIA'),
(21, 'AUSTRIA'),
(22, 'AZERBAIJAN'),
(23, 'BAHAMAS'),
(24, 'BAHRAIN'),
(25, 'BANGLADESH'),
(26, 'BARBADOS'),
(27, 'BELARUS'),
(28, 'BELGIUM'),
(29, 'BELIZE'),
(30, 'BENIN'),
(31, 'BERMUDA'),
(32, 'BHUTAN'),
(33, 'BOLIVIA'),
(34, 'BOSNIA AND HERZEGOVINA'),
(35, 'BOTSWANA'),
(36, 'BOUVET ISLAND'),
(37, 'BRAZIL'),
(38, 'BRITISH INDIAN OCEAN TERRITORY'),
(39, 'BRUNEI DARUSSALAM'),
(40, 'BULGARIA'),
(41, 'BURKINA FASO'),
(42, 'BURUNDI'),
(43, 'CAMBODIA'),
(44, 'CAMEROON'),
(45, 'CANADA'),
(46, 'CAPE VERDE'),
(47, 'CAYMAN ISLANDS'),
(48, 'CENTRAL AFRICAN REPUBLIC'),
(49, 'CHAD'),
(50, 'CHILE'),
(51, 'CHINA'),
(52, 'CHRISTMAS ISLAND'),
(53, 'COCOS (KEELING) ISLANDS'),
(54, 'COLOMBIA'),
(55, 'COMOROS'),
(56, 'CONGO'),
(57, 'CONGO, THE DEMOCRATIC REPUBLIC OF THE'),
(58, 'COOK ISLANDS'),
(59, 'COSTA RICA'),
(60, 'COTE D''IVOIRE'),
(61, 'CROATIA'),
(62, 'CUBA'),
(63, 'CYPRUS'),
(64, 'CZECH REPUBLIC'),
(65, 'DENMARK'),
(66, 'DJIBOUTI'),
(67, 'DOMINICA'),
(68, 'DOMINICAN REPUBLIC'),
(69, 'ECUADOR'),
(70, 'EGYPT'),
(71, 'EL SALVADOR'),
(72, 'EQUATORIAL GUINEA'),
(73, 'ERITREA'),
(74, 'ESTONIA'),
(75, 'ETHIOPIA'),
(76, 'FALKLAND ISLANDS (MALVINAS)'),
(77, 'FAROE ISLANDS'),
(78, 'FIJI'),
(79, 'FINLAND'),
(80, 'FRANCE'),
(81, 'FRENCH GUIANA'),
(82, 'FRENCH POLYNESIA'),
(83, 'FRENCH SOUTHERN TERRITORIES'),
(84, 'GABON'),
(85, 'GAMBIA'),
(86, 'GEORGIA'),
(87, 'GERMANY'),
(88, 'GHANA'),
(89, 'GIBRALTAR'),
(90, 'GREECE'),
(91, 'GREENLAND'),
(92, 'GRENADA'),
(93, 'GUADELOUPE'),
(94, 'GUAM'),
(95, 'GUATEMALA'),
(96, 'GUINEA'),
(97, 'GUINEA-BISSAU'),
(98, 'GUYANA'),
(99, 'HAITI'),
(100, 'HEARD ISLAND AND MCDONALD ISLANDS'),
(101, 'HOLY SEE (VATICAN CITY STATE)'),
(102, 'HONDURAS'),
(103, 'HONG KONG'),
(104, 'HUNGARY'),
(105, 'ICELAND'),
(106, 'INDIA'),
(109, 'IRAQ'),
(110, 'IRELAND'),
(111, 'ISRAEL'),
(112, 'ITALY'),
(113, 'JAMAICA'),
(114, 'JAPAN'),
(115, 'JORDAN'),
(116, 'KAZAKHSTAN'),
(117, 'KENYA'),
(118, 'KIRIBATI'),
(119, 'KOREA, DEMOCRATIC PEOPLE''S REPUBLIC OF'),
(120, 'KOREA, REPUBLIC OF'),
(121, 'KUWAIT'),
(122, 'KYRGYZSTAN'),
(123, 'LAO PEOPLE''S DEMOCRATIC REPUBLIC'),
(124, 'LATVIA'),
(125, 'LEBANON'),
(126, 'LESOTHO'),
(127, 'LIBERIA'),
(128, 'LIBYAN ARAB JAMAHIRIYA'),
(129, 'LIECHTENSTEIN'),
(130, 'LITHUANIA'),
(131, 'LUXEMBOURG'),
(132, 'MACAO'),
(133, 'MACEDONIA, THE FORMER YUGOSLAV REPUBLIC OF'),
(134, 'MADAGASCAR'),
(135, 'MALAWI'),
(136, 'MALAYSIA'),
(137, 'MALDIVES'),
(138, 'MALI'),
(139, 'MALTA'),
(140, 'MARSHALL ISLANDS'),
(141, 'MARTINIQUE'),
(142, 'MAURITANIA'),
(143, 'MAURITIUS'),
(144, 'MAYOTTE'),
(145, 'MEXICO'),
(146, 'MICRONESIA, FEDERATED STATES OF'),
(147, 'MOLDOVA, REPUBLIC OF'),
(148, 'MONACO'),
(149, 'MONGOLIA'),
(150, 'MONTSERRAT'),
(151, 'MOROCCO'),
(152, 'MOZAMBIQUE'),
(153, 'MYANMAR'),
(154, 'NAMIBIA'),
(155, 'NAURU'),
(156, 'NEPAL'),
(157, 'NETHERLANDS'),
(158, 'NETHERLANDS ANTILLES'),
(159, 'NEW CALEDONIA'),
(160, 'NEW ZEALAND'),
(161, 'NICARAGUA'),
(162, 'NIGER'),
(163, 'NIGERIA'),
(164, 'NIUE'),
(165, 'NORFOLK ISLAND'),
(166, 'NORTHERN MARIANA ISLANDS'),
(167, 'NORWAY'),
(168, 'OMAN'),
(169, 'PAKISTAN'),
(170, 'PALAU'),
(171, 'PALESTINIAN TERRITORY, OCCUPIED'),
(172, 'PANAMA'),
(173, 'PAPUA NEW GUINEA'),
(174, 'PARAGUAY'),
(175, 'PERU'),
(176, 'PHILIPPINES'),
(177, 'PITCAIRN'),
(178, 'POLAND'),
(179, 'PORTUGAL'),
(180, 'PUERTO RICO'),
(181, 'QATAR'),
(182, 'REUNION'),
(183, 'ROMANIA'),
(184, 'RUSSIAN FEDERATION'),
(185, 'RWANDA'),
(186, 'SAINT HELENA'),
(187, 'SAINT KITTS AND NEVIS'),
(188, 'SAINT LUCIA'),
(189, 'SAINT PIERRE AND MIQUELON'),
(190, 'SAINT VINCENT AND THE GRENADINES'),
(191, 'SAMOA'),
(192, 'SAN MARINO'),
(193, 'SAO TOME AND PRINCIPE'),
(194, 'SAUDI ARABIA'),
(195, 'SENEGAL'),
(196, 'SERBIA AND MONTENEGRO'),
(197, 'SEYCHELLES'),
(198, 'SIERRA LEONE'),
(199, 'SINGAPORE'),
(200, 'SLOVAKIA'),
(201, 'SLOVENIA'),
(202, 'SOLOMON ISLANDS'),
(203, 'SOMALIA'),
(204, 'SOUTH AFRICA'),
(205, 'SOUTH GEORGIA AND THE SOUTH SANDWICH ISLANDS'),
(206, 'SPAIN'),
(207, 'SRI LANKA'),
(208, 'SUDAN'),
(209, 'SURINAME'),
(210, 'SVALBARD AND JAN MAYEN'),
(211, 'SWAZILAND'),
(212, 'SWEDEN'),
(213, 'SWITZERLAND'),
(214, 'SYRIAN ARAB REPUBLIC'),
(215, 'TAIWAN, PROVINCE OF CHINA'),
(216, 'TAJIKISTAN'),
(217, 'TANZANIA, UNITED REPUBLIC OF'),
(218, 'THAILAND'),
(219, 'TIMOR-LESTE'),
(220, 'TOGO'),
(221, 'TOKELAU'),
(222, 'TONGA'),
(223, 'TRINIDAD AND TOBAGO'),
(224, 'TUNISIA'),
(225, 'TURKEY'),
(226, 'TURKMENISTAN'),
(227, 'TURKS AND CAICOS ISLANDS'),
(228, 'TUVALU'),
(229, 'UGANDA'),
(230, 'UKRAINE'),
(231, 'UNITED ARAB EMIRATES'),
(232, 'UNITED KINGDOM'),
(233, 'UNITED STATES'),
(234, 'UNITED STATES MINOR OUTLYING ISLANDS'),
(235, 'URUGUAY'),
(236, 'UZBEKISTAN'),
(237, 'VANUATU'),
(238, 'VENEZUELA'),
(239, 'VIET NAM'),
(240, 'VIRGIN ISLANDS, BRITISH'),
(241, 'VIRGIN ISLANDS, U.S.'),
(242, 'WALLIS AND FUTUNA'),
(243, 'WESTERN SAHARA'),
(244, 'YEMEN'),
(245, 'ZAMBIA'),
(246, 'ZIMBABWE');

-- --------------------------------------------------------

--
-- Table structure for table `currency_denomination`
--

CREATE TABLE IF NOT EXISTS `currency_denomination` (
  `currency_denomination_id` int(7) NOT NULL AUTO_INCREMENT,
  `currency_denomination_name` int(3) NOT NULL,
  PRIMARY KEY (`currency_denomination_id`)
) ENGINE=InnoDB DEFAULT CHARSET=utf8 COLLATE=utf8_unicode_ci AUTO_INCREMENT=1 ;

-- --------------------------------------------------------

--
-- Table structure for table `currency_transaction`
--

CREATE TABLE IF NOT EXISTS `currency_transaction` (
  `currency_transaction` int(7) NOT NULL AUTO_INCREMENT,
  `fees_payment_cash_id` int(7) NOT NULL,
  ` currency_transanction_currency_value_id` int(7) NOT NULL,
  `currency_denomination_id` int(7) NOT NULL,
  PRIMARY KEY (`currency_transaction`),
  KEY `fk_tracurrency` (`fees_payment_cash_id`)
) ENGINE=InnoDB DEFAULT CHARSET=utf8 COLLATE=utf8_unicode_ci AUTO_INCREMENT=1 ;

-- --------------------------------------------------------

--
-- Table structure for table `currency_value`
--

CREATE TABLE IF NOT EXISTS `currency_value` (
  `currency_value_id` int(7) NOT NULL AUTO_INCREMENT,
  `currency_value_value` int(4) NOT NULL,
  PRIMARY KEY (`currency_value_id`)
) ENGINE=InnoDB DEFAULT CHARSET=utf8 COLLATE=utf8_unicode_ci AUTO_INCREMENT=1 ;

-- --------------------------------------------------------

--
-- Table structure for table `dashboard_page`
--

CREATE TABLE IF NOT EXISTS `dashboard_page` (
  `id` int(10) unsigned NOT NULL AUTO_INCREMENT,
  `user_id` int(10) unsigned NOT NULL,
  `title` varchar(1000) DEFAULT NULL,
  `path` varchar(1000) DEFAULT NULL,
  `weight` int(10) unsigned DEFAULT NULL,
  PRIMARY KEY (`id`)
) ENGINE=InnoDB DEFAULT CHARSET=utf8 AUTO_INCREMENT=1 ;

-- --------------------------------------------------------

--
-- Table structure for table `dashboard_portlet`
--

CREATE TABLE IF NOT EXISTS `dashboard_portlet` (
  `id` int(10) unsigned NOT NULL AUTO_INCREMENT,
  `dashboard` int(10) unsigned NOT NULL,
  `uid` int(10) unsigned DEFAULT NULL,
  `settings` text,
  PRIMARY KEY (`id`)
) ENGINE=InnoDB DEFAULT CHARSET=utf8 AUTO_INCREMENT=1 ;

-- --------------------------------------------------------

--
-- Table structure for table `department`
--

CREATE TABLE IF NOT EXISTS `department` (
  `department_id` int(3) NOT NULL AUTO_INCREMENT,
  `department_name` varchar(60) NOT NULL,
  `department_organization_id` int(2) NOT NULL,
  `department_created_by` int(2) NOT NULL,
  `department_created_date` datetime NOT NULL,
  PRIMARY KEY (`department_id`)
) ENGINE=InnoDB  DEFAULT CHARSET=latin1 AUTO_INCREMENT=8 ;

--
-- Dumping data for table `department`
--

INSERT INTO `department` (`department_id`, `department_name`, `department_organization_id`, `department_created_by`, `department_created_date`) VALUES
(1, 'Civil Engineering Department', 1, 2, '2012-07-11 12:04:36'),
(2, 'Mechanical Engineering Department', 1, 2, '2012-07-11 12:05:42'),
(3, 'Electrical Engineering Department', 1, 2, '2012-07-11 12:05:54'),
(4, 'Computer Engineering Department', 1, 2, '2012-07-11 12:06:08'),
(5, 'Electronics & Communication Engineering Department', 1, 2, '2012-07-11 12:07:32'),
(6, 'Science & Humanities Department', 1, 2, '2012-07-11 12:08:31'),
(7, 'Admin Department', 1, 2, '2012-07-11 12:08:47');

-- --------------------------------------------------------

--
-- Table structure for table `division`
--

CREATE TABLE IF NOT EXISTS `division` (
  `division_id` int(2) NOT NULL AUTO_INCREMENT,
  `division_name` varchar(60) NOT NULL,
  `division_code` varchar(100) NOT NULL,
  `division_organization_id` int(2) NOT NULL,
  `division_created_by` int(3) NOT NULL,
  `division_creation_date` datetime NOT NULL,
  `branch_id` int(3) NOT NULL,
  `academic_period_id` int(3) NOT NULL,
  `academic_name_id` int(3) NOT NULL,
  PRIMARY KEY (`division_id`),
  KEY `fk_branch_id` (`branch_id`),
  KEY `fk_academic_period_id` (`academic_period_id`),
  KEY `fk_academic_name_id` (`academic_name_id`)
) ENGINE=InnoDB  DEFAULT CHARSET=latin1 AUTO_INCREMENT=6 ;

--
-- Dumping data for table `division`
--

INSERT INTO `division` (`division_id`, `division_name`, `division_code`, `division_organization_id`, `division_created_by`, `division_creation_date`, `branch_id`, `academic_period_id`, `academic_name_id`) VALUES
(1, '(Div-A)', '(Div-A)-CL-SEM-1', 1, 2, '2012-07-11 12:28:35', 1, 1, 1),
(2, '(Div-B)', '(Div-B)-ME-SEM-1', 1, 2, '2012-07-11 12:29:06', 2, 1, 1),
(3, '(Div-C)', '(Div-C)-EE-SEM-1', 1, 2, '2012-07-11 12:29:31', 3, 1, 1),
(4, '(Div-D)', '(Div-D)-CE-SEM-1', 1, 2, '2012-07-11 12:30:02', 4, 1, 1),
(5, '(Div-E)', '(Div-E)-EC-SEM-1', 1, 2, '2012-07-11 12:30:37', 5, 1, 1);

-- --------------------------------------------------------

--
-- Table structure for table `eduboard`
--

CREATE TABLE IF NOT EXISTS `eduboard` (
  `eduboard_id` int(2) NOT NULL AUTO_INCREMENT,
  `eduboard_name` varchar(30) NOT NULL,
  `eduboard_organization_id` int(2) NOT NULL,
  `eduboard_created_by` int(3) NOT NULL,
  `eduboard_created_date` datetime NOT NULL,
  `for_whom` int(2) NOT NULL,
  PRIMARY KEY (`eduboard_id`)
) ENGINE=InnoDB DEFAULT CHARSET=latin1 AUTO_INCREMENT=1 ;

-- --------------------------------------------------------

--
-- Table structure for table `employee_academic_record_trans`
--

CREATE TABLE IF NOT EXISTS `employee_academic_record_trans` (
  `employee_academic_record_trans_id` int(5) NOT NULL AUTO_INCREMENT,
  `employee_academic_record_trans_user_id` int(5) NOT NULL,
  `employee_academic_record_trans_qualification_id` int(5) NOT NULL,
  `employee_academic_record_trans_eduboard_id` int(5) NOT NULL,
  `employee_academic_record_trans_year_id` int(5) NOT NULL,
  `theory_mark_obtained` int(3) NOT NULL,
  `theory_mark_max` int(3) NOT NULL,
  `theory_percentage` float NOT NULL,
  `practical_mark_obtained` int(3) NOT NULL,
  `practical_mark_max` int(3) NOT NULL,
  `practical_percentage` float NOT NULL,
  PRIMARY KEY (`employee_academic_record_trans_id`),
  KEY `fk_emp_qualification` (`employee_academic_record_trans_qualification_id`),
  KEY `fk_emp_eduboard` (`employee_academic_record_trans_eduboard_id`),
  KEY `fk_emp_year` (`employee_academic_record_trans_year_id`)
) ENGINE=InnoDB DEFAULT CHARSET=latin1 AUTO_INCREMENT=1 ;

-- --------------------------------------------------------

--
-- Table structure for table `employee_address`
--

CREATE TABLE IF NOT EXISTS `employee_address` (
  `employee_address_id` int(5) NOT NULL AUTO_INCREMENT,
  `employee_address_c_line1` varchar(100) NOT NULL,
  `employee_address_c_line2` varchar(100) NOT NULL,
  `employee_address_c_city` int(9) NOT NULL,
  `employee_address_c_pincode` int(6) NOT NULL,
  `employee_address_c_state` int(9) NOT NULL,
  `employee_address_c_country` int(9) NOT NULL,
  `employee_address_p_line1` varchar(100) NOT NULL,
  `employee_address_p_line2` varchar(100) NOT NULL,
  `employee_address_p_city` int(9) NOT NULL,
  `employee_address_p_pincode` int(6) NOT NULL,
  `employee_address_p_state` int(9) NOT NULL,
  `employee_address_p_country` int(9) NOT NULL,
  `employee_address_phone` bigint(15) DEFAULT NULL,
  `employee_address_mobile` bigint(15) DEFAULT NULL,
  PRIMARY KEY (`employee_address_id`)
) ENGINE=InnoDB DEFAULT CHARSET=latin1 AUTO_INCREMENT=1 ;

-- --------------------------------------------------------

--
-- Table structure for table `employee_attendence`
--

CREATE TABLE IF NOT EXISTS `employee_attendence` (
  `employee_attendence_id` int(10) NOT NULL AUTO_INCREMENT,
  `employee_id` int(10) NOT NULL,
  `date` date NOT NULL,
  `time1` time NOT NULL,
  `time2` time NOT NULL,
  `time3` time NOT NULL,
  `time4` time NOT NULL,
  `time5` time NOT NULL,
  `time6` time NOT NULL,
  `time7` time NOT NULL,
  `time8` time NOT NULL,
  `time9` time NOT NULL,
  `time10` time NOT NULL,
  `total_hour` time NOT NULL,
  `overtime_hour` time NOT NULL,
  `csvfile` varchar(150) NOT NULL,
  PRIMARY KEY (`employee_attendence_id`)
) ENGINE=MyISAM DEFAULT CHARSET=latin1 AUTO_INCREMENT=1 ;

-- --------------------------------------------------------

--
-- Table structure for table `employee_designation`
--

CREATE TABLE IF NOT EXISTS `employee_designation` (
  `employee_designation_id` int(2) NOT NULL AUTO_INCREMENT,
  `employee_designation_name` varchar(25) NOT NULL,
  `employee_designation_organization_id` int(2) NOT NULL,
  `employee_designation_created_by` int(3) NOT NULL,
  `employee_designation_created_date` datetime NOT NULL,
  PRIMARY KEY (`employee_designation_id`)
) ENGINE=InnoDB  DEFAULT CHARSET=latin1 AUTO_INCREMENT=33 ;

--
-- Dumping data for table `employee_designation`
--

INSERT INTO `employee_designation` (`employee_designation_id`, `employee_designation_name`, `employee_designation_organization_id`, `employee_designation_created_by`, `employee_designation_created_date`) VALUES
(1, 'Director', 1, 2, '2012-07-11 12:31:08'),
(2, 'Principal', 1, 2, '2012-07-11 12:31:52'),
(3, 'Professor', 1, 2, '2012-07-11 12:32:06'),
(4, 'Asso. Prof.', 1, 2, '2012-07-11 12:33:59'),
(5, 'Asst. Prof.', 1, 2, '2012-07-11 12:34:55'),
(6, 'PTL', 1, 2, '2012-07-11 12:35:07'),
(7, 'W/S Supdt.', 1, 2, '2012-07-11 12:35:28'),
(8, 'L.A.', 1, 2, '2012-07-11 12:35:40'),
(9, 'Instructor- Carpentry', 1, 2, '2012-07-11 12:36:16'),
(10, 'Instructor-Fitting', 1, 2, '2012-07-11 12:36:30'),
(11, 'Machinist', 1, 2, '2012-07-11 12:36:42'),
(12, 'Estate Engineer', 1, 2, '2012-07-11 12:37:00'),
(13, 'Civil Supervisor', 1, 2, '2012-07-11 12:37:19'),
(14, 'Electrician', 1, 2, '2012-07-11 12:37:39'),
(15, 'Administrative Officer', 1, 2, '2012-07-11 12:37:58'),
(16, 'Office Superintendent', 1, 2, '2012-07-11 12:38:10'),
(17, 'P.S. To Principal', 1, 2, '2012-07-11 12:38:22'),
(19, 'Librarian', 1, 2, '2012-07-11 12:38:47'),
(20, 'Asst. Lib.', 1, 2, '2012-07-11 12:38:58'),
(21, 'Lib. Asst.', 1, 2, '2012-07-11 12:39:08'),
(22, 'Peon', 1, 2, '2012-07-11 12:39:20'),
(23, 'Sweeper', 1, 2, '2012-07-11 12:39:30'),
(24, 'Gardener', 1, 2, '2012-07-11 12:39:41'),
(25, 'Security', 1, 2, '2012-07-11 12:39:53'),
(26, 'Store Officer', 1, 2, '2012-07-11 13:45:12'),
(27, 'HRD Officer', 1, 2, '2012-07-11 13:45:39'),
(28, 'Asst. Store Officer', 1, 2, '2012-07-11 13:45:51'),
(29, 'OA STS', 1, 2, '2012-07-11 13:46:01'),
(30, 'OA Store', 1, 2, '2012-07-11 13:46:10'),
(31, 'OA HR', 1, 2, '2012-07-11 13:46:20'),
(32, 'OA Acc.', 1, 2, '2012-07-11 13:46:31');

-- --------------------------------------------------------

--
-- Table structure for table `employee_docs`
--

CREATE TABLE IF NOT EXISTS `employee_docs` (
  `employee_docs_id` int(5) NOT NULL AUTO_INCREMENT,
  `employee_docs_desc` varchar(50) DEFAULT NULL,
  `employee_docs_path` varchar(150) NOT NULL,
  PRIMARY KEY (`employee_docs_id`)
) ENGINE=InnoDB DEFAULT CHARSET=latin1 AUTO_INCREMENT=1 ;

-- --------------------------------------------------------

--
-- Table structure for table `employee_docs_trans`
--

CREATE TABLE IF NOT EXISTS `employee_docs_trans` (
  `employee_docs_trans_id` int(5) NOT NULL AUTO_INCREMENT,
  `employee_docs_trans_user_id` int(5) NOT NULL,
  `employee_docs_trans_emp_docs_id` int(5) NOT NULL,
  PRIMARY KEY (`employee_docs_trans_id`),
  KEY `fk_emp_docs_id` (`employee_docs_trans_emp_docs_id`)
) ENGINE=InnoDB DEFAULT CHARSET=latin1 AUTO_INCREMENT=1 ;

-- --------------------------------------------------------

--
-- Table structure for table `employee_experience`
--

CREATE TABLE IF NOT EXISTS `employee_experience` (
  `employee_experience_id` int(5) NOT NULL AUTO_INCREMENT,
  `employee_experience_organization_name` varchar(50) NOT NULL,
  `employee_experience_designation` varchar(25) NOT NULL,
  `employee_experience_from` date NOT NULL,
  `employee_experience_to` date NOT NULL,
  `employee_experience` varchar(50) NOT NULL,
  PRIMARY KEY (`employee_experience_id`)
) ENGINE=InnoDB DEFAULT CHARSET=latin1 AUTO_INCREMENT=1 ;

-- --------------------------------------------------------

--
-- Table structure for table `employee_experience_trans`
--

CREATE TABLE IF NOT EXISTS `employee_experience_trans` (
  `employee_experience_trans_id` int(5) NOT NULL AUTO_INCREMENT,
  `employee_experience_trans_user_id` int(5) NOT NULL,
  `employee_experience_trans_emp_experience_id` int(5) NOT NULL,
  PRIMARY KEY (`employee_experience_trans_id`)
) ENGINE=InnoDB DEFAULT CHARSET=latin1 AUTO_INCREMENT=1 ;

-- --------------------------------------------------------

--
-- Table structure for table `employee_info`
--

CREATE TABLE IF NOT EXISTS `employee_info` (
  `employee_id` int(5) NOT NULL AUTO_INCREMENT,
  `title` varchar(10) NOT NULL,
  `employee_no` varchar(10) NOT NULL,
  `employee_first_name` varchar(25) NOT NULL,
  `employee_middle_name` varchar(25) NOT NULL,
  `employee_last_name` varchar(25) NOT NULL,
  `employee_name_alias` varchar(25) DEFAULT NULL,
  `employee_mother_name` varchar(25) NOT NULL,
  `employee_dob` date NOT NULL,
  `employee_birthplace` varchar(25) DEFAULT NULL,
  `employee_gender` varchar(6) NOT NULL,
  `employee_bloodgroup` varchar(3) NOT NULL,
  `employee_marital_status` varchar(10) NOT NULL,
  `employee_private_email` varchar(60) NOT NULL,
  `employee_organization_mobile` bigint(15) DEFAULT NULL,
  `employee_private_mobile` bigint(15) NOT NULL,
  `employee_pancard_no` varchar(15) DEFAULT NULL,
  `employee_account_no` bigint(20) DEFAULT NULL,
  `employee_joining_date` date NOT NULL,
  `employee_probation_period` varchar(10) DEFAULT NULL,
  `employee_hobbies` text,
  `employee_technical_skills` text,
  `employee_project_details` text,
  `employee_curricular` text,
  `employee_reference` varchar(25) DEFAULT NULL,
  `employee_refer_designation` varchar(20) DEFAULT NULL,
  `employee_guardian_name` varchar(100) DEFAULT NULL,
  `employee_guardian_relation` varchar(20) DEFAULT NULL,
  `employee_guardian_home_address` varchar(100) DEFAULT NULL,
  `employee_guardian_qualification` varchar(50) DEFAULT NULL,
  `employee_guardian_occupation` varchar(50) DEFAULT NULL,
  `employee_guardian_income` varchar(15) DEFAULT NULL,
  `employee_guardian_occupation_address` varchar(100) DEFAULT NULL,
  `employee_guardian_occupation_city` int(4) DEFAULT NULL,
  `employee_guardian_city_pin` int(6) DEFAULT NULL,
  `employee_guardian_phone_no` bigint(15) DEFAULT NULL,
  `employee_guardian_mobile1` bigint(15) DEFAULT NULL,
  `employee_guardian_mobile2` bigint(15) DEFAULT NULL,
  `employee_faculty_of` varchar(50) NOT NULL,
  `employee_attendance_card_id` varchar(15) NOT NULL,
  `employee_tally_id` varchar(9) NOT NULL,
  `employee_created_by` bigint(20) DEFAULT NULL,
  `employee_creation_date` datetime DEFAULT NULL,
  `employee_type` int(3) NOT NULL,
  PRIMARY KEY (`employee_id`)
) ENGINE=InnoDB DEFAULT CHARSET=latin1 AUTO_INCREMENT=1 ;

-- --------------------------------------------------------

--
-- Table structure for table `employee_marks`
--

CREATE TABLE IF NOT EXISTS `employee_marks` (
  `employee_marks_id` int(5) NOT NULL AUTO_INCREMENT,
  `employee_marks_obtained` int(4) NOT NULL,
  `employee_marks_out_of` int(4) NOT NULL,
  `employee_marks_percent` decimal(3,2) NOT NULL,
  `employee_marks_created_by` int(3) NOT NULL,
  `employee_marks_creation_date` datetime NOT NULL,
  PRIMARY KEY (`employee_marks_id`)
) ENGINE=InnoDB DEFAULT CHARSET=latin1 AUTO_INCREMENT=1 ;

-- --------------------------------------------------------

--
-- Table structure for table `employee_photos`
--

CREATE TABLE IF NOT EXISTS `employee_photos` (
  `employee_photos_id` int(5) NOT NULL AUTO_INCREMENT,
  `employee_photos_desc` varchar(50) DEFAULT NULL,
  `employee_photos_path` varchar(150) NOT NULL,
  PRIMARY KEY (`employee_photos_id`)
) ENGINE=InnoDB DEFAULT CHARSET=latin1 AUTO_INCREMENT=1 ;

-- --------------------------------------------------------

--
-- Table structure for table `employee_sms_email_details`
--

CREATE TABLE IF NOT EXISTS `employee_sms_email_details` (
  `employee_sms_email_id` int(3) NOT NULL AUTO_INCREMENT,
  `department_id` int(3) NOT NULL,
  `branch_id` int(3) NOT NULL,
  `shift_id` int(3) NOT NULL,
  `message_email_text` text NOT NULL,
  `email_sms_status` int(1) NOT NULL,
  `created_by` int(3) NOT NULL,
  `creation_date` datetime NOT NULL,
  `employee_id` int(3) NOT NULL,
  PRIMARY KEY (`employee_sms_email_id`),
  KEY `fk_emp_sms_bid` (`branch_id`),
  KEY `fk_emp_sms_did` (`department_id`),
  KEY `fk_emp_sms_sid` (`shift_id`),
  KEY `fk_emp_sms_eid` (`employee_id`)
) ENGINE=MyISAM DEFAULT CHARSET=latin1 AUTO_INCREMENT=1 ;

-- --------------------------------------------------------

--
-- Table structure for table `employee_timetable`
--

CREATE TABLE IF NOT EXISTS `employee_timetable` (
  `id` int(5) NOT NULL AUTO_INCREMENT,
  `employee_id` int(5) NOT NULL,
  `timetable_id` int(5) NOT NULL,
  PRIMARY KEY (`id`)
) ENGINE=MyISAM  DEFAULT CHARSET=latin1 AUTO_INCREMENT=82 ;

-- --------------------------------------------------------

--
-- Table structure for table `employee_transaction`
--

CREATE TABLE IF NOT EXISTS `employee_transaction` (
  `employee_transaction_id` int(9) NOT NULL AUTO_INCREMENT,
  `employee_transaction_user_id` int(5) NOT NULL,
  `employee_transaction_employee_id` int(5) NOT NULL,
  `employee_transaction_emp_address_id` int(5) DEFAULT NULL,
  `employee_transaction_branch_id` int(2) NOT NULL,
  `employee_transaction_category_id` int(2) NOT NULL,
  `employee_transaction_quota_id` int(2) DEFAULT NULL,
  `employee_transaction_religion_id` int(2) DEFAULT NULL,
  `employee_transaction_shift_id` int(5) NOT NULL,
  `employee_transaction_designation_id` int(2) NOT NULL,
  `employee_transaction_nationality_id` int(2) NOT NULL,
  `employee_transaction_department_id` int(3) NOT NULL,
  `employee_transaction_organization_id` int(2) NOT NULL,
  `employee_transaction_languages_known_id` int(2) DEFAULT NULL,
  `employee_transaction_emp_photos_id` int(5) DEFAULT NULL,
  PRIMARY KEY (`employee_transaction_id`),
  KEY `fk_branch` (`employee_transaction_branch_id`),
  KEY `fk_category` (`employee_transaction_category_id`),
  KEY `fk_quota` (`employee_transaction_quota_id`),
  KEY `fk_religion` (`employee_transaction_religion_id`),
  KEY `fk_shift` (`employee_transaction_shift_id`),
  KEY `fk_designation` (`employee_transaction_designation_id`),
  KEY `fk_nationality` (`employee_transaction_nationality_id`),
  KEY `fk_department` (`employee_transaction_department_id`),
  KEY `fk_organization` (`employee_transaction_organization_id`),
  KEY `fk_emp_info` (`employee_transaction_employee_id`),
  KEY `fk_emp_photo` (`employee_transaction_emp_photos_id`)
) ENGINE=InnoDB DEFAULT CHARSET=latin1 AUTO_INCREMENT=1 ;

-- --------------------------------------------------------

--
-- Table structure for table `feedback_details`
--

CREATE TABLE IF NOT EXISTS `feedback_details` (
  `id` int(3) NOT NULL AUTO_INCREMENT,
  `question` varchar(50) NOT NULL,
  `remark` varchar(50) DEFAULT NULL,
  `feedback_id` int(3) NOT NULL,
  PRIMARY KEY (`id`),
  KEY `fk_feed_id` (`feedback_id`)
) ENGINE=MyISAM DEFAULT CHARSET=latin1 AUTO_INCREMENT=1 ;

-- --------------------------------------------------------

--
-- Table structure for table `feedback_master`
--

CREATE TABLE IF NOT EXISTS `feedback_master` (
  `id` int(3) NOT NULL AUTO_INCREMENT,
  `feedback_date` date NOT NULL,
  `feedback_name` varchar(30) NOT NULL,
  `feedback_emp_id` int(3) NOT NULL,
  `feedback_branch_id` int(3) NOT NULL,
  `feedback_academic_term_id` int(3) NOT NULL,
  `feedback_subject_id` int(3) NOT NULL,
  `feedback_department_id` int(3) NOT NULL,
  `remark` varchar(50) NOT NULL,
  PRIMARY KEY (`id`),
  KEY `fk_emp_id` (`feedback_emp_id`),
  KEY `fk_branch_id` (`feedback_branch_id`),
  KEY `fk_academic_term_id` (`feedback_academic_term_id`),
  KEY `fk_subject_id` (`feedback_subject_id`),
  KEY `fk_department_id` (`feedback_department_id`)
) ENGINE=MyISAM DEFAULT CHARSET=latin1 AUTO_INCREMENT=1 ;

-- --------------------------------------------------------

--
-- Table structure for table `fees_details_table`
--

CREATE TABLE IF NOT EXISTS `fees_details_table` (
  `fees_details_id` int(3) NOT NULL AUTO_INCREMENT,
  `fees_details_name` varchar(100) COLLATE utf8_unicode_ci NOT NULL,
  `fees_details_amount` int(6) NOT NULL,
  `fees_details_created_by` int(5) NOT NULL,
  `fees_details_created_date` datetime NOT NULL,
  `fees_details_tally_id` int(6) DEFAULT NULL,
  PRIMARY KEY (`fees_details_id`)
) ENGINE=InnoDB DEFAULT CHARSET=utf8 COLLATE=utf8_unicode_ci AUTO_INCREMENT=1 ;

--
-- Triggers `fees_details_table`
--
DROP TRIGGER IF EXISTS `update_totalfeesamt`;
DELIMITER //
CREATE TRIGGER `update_totalfeesamt` AFTER UPDATE ON `fees_details_table`
 FOR EACH ROW BEGIN

DECLARE feesmasterid INTEGER;
DECLARE feesdetailid INTEGER;

DECLARE feesamount INTEGER;
DECLARE amt INTEGER;
DECLARE feetotal INTEGER;

SET feesdetailid = OLD.fees_details_id;

SELECT fees_master_id into feesmasterid from fees_master_transaction where fees_desc_id=feesdetailid;

select sum(fees_details_amount) into amt from fees_details_table where fees_details_id IN (select fees_desc_id from fees_master_transaction where fees_master_id=feesmasterid);

update fees_master SET fees_master_total = amt where fees_master_id=feesmasterid;

END
//
DELIMITER ;

-- --------------------------------------------------------

--
-- Table structure for table `fees_master`
--

CREATE TABLE IF NOT EXISTS `fees_master` (
  `fees_master_id` int(9) NOT NULL AUTO_INCREMENT,
  `fees_master_name` varchar(50) COLLATE utf8_unicode_ci NOT NULL,
  `fees_master_created_by` int(5) NOT NULL,
  `fees_master_created_date` datetime NOT NULL,
  `fees_master_tally_id` int(6) DEFAULT NULL,
  `fees_organization_id` int(3) NOT NULL,
  `fees_branch_id` int(3) NOT NULL,
  `fees_academic_term_id` int(3) NOT NULL,
  `fees_academic_term_name_id` int(11) NOT NULL,
  `fees_quota_id` int(3) NOT NULL,
  `fees_master_total` int(7) NOT NULL,
  PRIMARY KEY (`fees_master_id`),
  KEY `fk_ORG_ID` (`fees_organization_id`),
  KEY `fk_BRANCH_ID` (`fees_branch_id`),
  KEY `fk_ACDM_ID` (`fees_academic_term_id`),
  KEY `fk_QUOTA_ID` (`fees_quota_id`),
  KEY `fk_term_name` (`fees_academic_term_name_id`)
) ENGINE=InnoDB DEFAULT CHARSET=utf8 COLLATE=utf8_unicode_ci AUTO_INCREMENT=1 ;

-- --------------------------------------------------------

--
-- Table structure for table `fees_master_transaction`
--

CREATE TABLE IF NOT EXISTS `fees_master_transaction` (
  `fees_id` int(11) NOT NULL AUTO_INCREMENT,
  `fees_master_id` int(11) NOT NULL,
  `fees_desc_id` int(11) NOT NULL,
  PRIMARY KEY (`fees_id`),
  KEY `fk_fees_details` (`fees_desc_id`)
) ENGINE=InnoDB DEFAULT CHARSET=utf8 COLLATE=utf8_unicode_ci AUTO_INCREMENT=1 ;

--
-- Triggers `fees_master_transaction`
--
DROP TRIGGER IF EXISTS `int_totalfeesamt`;
DELIMITER //
CREATE TRIGGER `int_totalfeesamt` AFTER INSERT ON `fees_master_transaction`
 FOR EACH ROW BEGIN

DECLARE feesmasterid INTEGER;
DECLARE feesdetailid INTEGER;

DECLARE feesamount INTEGER;
DECLARE amt INTEGER;
DECLARE feetotal INTEGER;
SET feesmasterid = NEW.fees_master_id;
SET feesdetailid = NEW.fees_desc_id;

SELECT fees_master_total into feetotal from fees_master where fees_master_id=feesmasterid;

select sum(fees_details_amount) into amt from fees_details_table where fees_details_id IN (select fees_desc_id from fees_master_transaction where fees_master_id=feesmasterid);

update fees_master SET fees_master_total = amt where fees_master_id=feesmasterid;

END
//
DELIMITER ;
DROP TRIGGER IF EXISTS `del_totalfeesamt`;
DELIMITER //
CREATE TRIGGER `del_totalfeesamt` AFTER DELETE ON `fees_master_transaction`
 FOR EACH ROW BEGIN

DECLARE feesmasterid INTEGER;
DECLARE feesdetailid INTEGER;

DECLARE feesamount INTEGER;
DECLARE amt INTEGER;
DECLARE feetotal INTEGER;
SET feesmasterid = OLD.fees_master_id;
SET feesdetailid = OLD.fees_desc_id;

SELECT fees_master_total into feetotal from fees_master where fees_master_id=feesmasterid;

select sum(fees_details_amount) into amt from fees_details_table where fees_details_id IN (select fees_desc_id from fees_master_transaction where fees_master_id=feesmasterid);

update fees_master SET fees_master_total = amt where fees_master_id=feesmasterid;

END
//
DELIMITER ;

-- --------------------------------------------------------

--
-- Table structure for table `fees_payment_cash`
--

CREATE TABLE IF NOT EXISTS `fees_payment_cash` (
  `fees_payment_cash_id` int(7) NOT NULL AUTO_INCREMENT,
  `fees_payment_cash_amount` int(7) NOT NULL,
  PRIMARY KEY (`fees_payment_cash_id`)
) ENGINE=InnoDB DEFAULT CHARSET=utf8 COLLATE=utf8_unicode_ci AUTO_INCREMENT=1 ;

-- --------------------------------------------------------

--
-- Table structure for table `fees_payment_cheque`
--

CREATE TABLE IF NOT EXISTS `fees_payment_cheque` (
  `fees_payment_cheque_id` int(6) NOT NULL AUTO_INCREMENT,
  `fees_payment_cheque_number` int(6) NOT NULL,
  `fees_payment_cheque_date` datetime NOT NULL,
  `fees_payment_cheque_bank` int(6) NOT NULL,
  `fees_payment_cheque_branch` varchar(50) COLLATE utf8_unicode_ci NOT NULL,
  `fees_payment_cheque_amount` int(6) NOT NULL,
  `fees_payment_cheque_status` tinyint(1) NOT NULL,
  PRIMARY KEY (`fees_payment_cheque_id`)
) ENGINE=InnoDB DEFAULT CHARSET=utf8 COLLATE=utf8_unicode_ci AUTO_INCREMENT=1 ;

-- --------------------------------------------------------

--
-- Table structure for table `fees_payment_method`
--

CREATE TABLE IF NOT EXISTS `fees_payment_method` (
  `fees_payment_method_id` int(7) NOT NULL AUTO_INCREMENT,
  `fees_payment_method_name` varchar(20) COLLATE utf8_unicode_ci NOT NULL,
  PRIMARY KEY (`fees_payment_method_id`)
) ENGINE=InnoDB DEFAULT CHARSET=utf8 COLLATE=utf8_unicode_ci AUTO_INCREMENT=1 ;

-- --------------------------------------------------------

--
-- Table structure for table `fees_payment_transaction`
--

CREATE TABLE IF NOT EXISTS `fees_payment_transaction` (
  `fees_payment_transaction_id` int(7) NOT NULL AUTO_INCREMENT,
  `fees_payment_master_id` int(3) NOT NULL,
  `fees_payment_method_id` int(7) NOT NULL,
  `fees_payment_cash_cheque_id` int(6) NOT NULL,
  `fees_receipt_id` int(7) NOT NULL,
  `fees_payment` int(6) NOT NULL,
  `fees_received_user_id` int(7) NOT NULL,
  `fees_full_part_payment_id` int(7) NOT NULL,
  `fees_student_id` int(9) NOT NULL,
  PRIMARY KEY (`fees_payment_transaction_id`),
  KEY `fk_fees_pay_method` (`fees_payment_method_id`)
) ENGINE=InnoDB DEFAULT CHARSET=utf8 COLLATE=utf8_unicode_ci AUTO_INCREMENT=1 ;

-- --------------------------------------------------------

--
-- Table structure for table `fees_payment_type`
--

CREATE TABLE IF NOT EXISTS `fees_payment_type` (
  `id` int(3) NOT NULL AUTO_INCREMENT,
  `fees_type_name` varchar(25) NOT NULL,
  PRIMARY KEY (`id`)
) ENGINE=MyISAM DEFAULT CHARSET=latin1 AUTO_INCREMENT=1 ;

-- --------------------------------------------------------

--
-- Table structure for table `fees_receipt`
--

CREATE TABLE IF NOT EXISTS `fees_receipt` (
  `fees_receipt_id` int(7) NOT NULL AUTO_INCREMENT,
  `fees_receipt_number` int(7) DEFAULT NULL,
  PRIMARY KEY (`fees_receipt_id`)
) ENGINE=InnoDB DEFAULT CHARSET=utf8 COLLATE=utf8_unicode_ci AUTO_INCREMENT=1 ;

-- --------------------------------------------------------

--
-- Table structure for table `fees_terms_and_condition`
--

CREATE TABLE IF NOT EXISTS `fees_terms_and_condition` (
  `id` int(2) NOT NULL AUTO_INCREMENT,
  `term` varchar(200) NOT NULL,
  `created_by` int(3) NOT NULL,
  `creation_date` date NOT NULL,
  PRIMARY KEY (`id`)
) ENGINE=MyISAM DEFAULT CHARSET=latin1 AUTO_INCREMENT=1 ;

-- --------------------------------------------------------

--
-- Table structure for table `gtunotice`
--

CREATE TABLE IF NOT EXISTS `gtunotice` (
  `ID` int(5) NOT NULL AUTO_INCREMENT,
  `Description` varchar(50) NOT NULL,
  `Link` varchar(200) NOT NULL,
  `Created_By` varchar(30) NOT NULL,
  `Created_date` date NOT NULL,
  PRIMARY KEY (`ID`)
) ENGINE=MyISAM  DEFAULT CHARSET=latin1 AUTO_INCREMENT=3 ;

--
-- Dumping data for table `gtunotice`
--

INSERT INTO `gtunotice` (`ID`, `Description`, `Link`, `Created_By`, `Created_date`) VALUES
(1, 'Practical Exam Schedule', 'http://www.gtu.ac.in', '2', '2012-07-10'),
(2, 'Google', 'http://www.google.com', '2', '2012-07-10');

-- --------------------------------------------------------

--
-- Table structure for table `holidays`
--

CREATE TABLE IF NOT EXISTS `holidays` (
  `id` int(3) NOT NULL AUTO_INCREMENT,
  `holiday_name` varchar(50) NOT NULL,
  `date` date NOT NULL,
  `created_by` int(7) NOT NULL,
  `creation_date` datetime NOT NULL,
  PRIMARY KEY (`id`)
) ENGINE=MyISAM DEFAULT CHARSET=latin1 AUTO_INCREMENT=1 ;

-- --------------------------------------------------------

--
-- Table structure for table `important_notice`
--

CREATE TABLE IF NOT EXISTS `important_notice` (
  `notice_id` int(3) NOT NULL AUTO_INCREMENT,
  `notice` varchar(200) NOT NULL,
  `created_by` int(2) NOT NULL,
  `creation_date` datetime NOT NULL,
  PRIMARY KEY (`notice_id`)
) ENGINE=MyISAM  DEFAULT CHARSET=latin1 AUTO_INCREMENT=2 ;

--
-- Dumping data for table `important_notice`
--

INSERT INTO `important_notice` (`notice_id`, `notice`, `created_by`, `creation_date`) VALUES
(1, 'hello ....how r u..?', 2, '2012-07-11 00:00:00');

-- --------------------------------------------------------

--
-- Table structure for table `inward`
--

CREATE TABLE IF NOT EXISTS `inward` (
  `id` int(5) NOT NULL AUTO_INCREMENT,
  `invoice_description` varchar(100) COLLATE utf8_unicode_ci NOT NULL,
  `company_name` varchar(30) COLLATE utf8_unicode_ci NOT NULL,
  `invoice_no_dc` varchar(10) COLLATE utf8_unicode_ci NOT NULL,
  `invoice_date` date NOT NULL,
  `received_date` date NOT NULL,
  `sender_name` varchar(20) COLLATE utf8_unicode_ci NOT NULL,
  `department` int(3) NOT NULL,
  `photo` varchar(250) COLLATE utf8_unicode_ci DEFAULT NULL,
  `document` varchar(300) COLLATE utf8_unicode_ci DEFAULT NULL,
  `document_desc` varchar(100) COLLATE utf8_unicode_ci NOT NULL,
  `org_name_id` int(2) NOT NULL,
  `no_of_packets` int(10) NOT NULL,
  `receiver_name` varchar(20) COLLATE utf8_unicode_ci NOT NULL,
  PRIMARY KEY (`id`),
  KEY `FK_inward_dept` (`department`),
  KEY `FK_inward_org` (`org_name_id`)
) ENGINE=InnoDB DEFAULT CHARSET=utf8 COLLATE=utf8_unicode_ci AUTO_INCREMENT=1 ;

-- --------------------------------------------------------

--
-- Table structure for table `inward_details`
--

CREATE TABLE IF NOT EXISTS `inward_details` (
  `id` int(5) NOT NULL AUTO_INCREMENT,
  `inward_id` int(5) NOT NULL,
  `name` varchar(20) COLLATE utf8_unicode_ci NOT NULL,
  `description` varchar(100) COLLATE utf8_unicode_ci NOT NULL,
  `quantity` int(10) NOT NULL,
  `item_category_id` int(5) NOT NULL,
  `rate` int(10) NOT NULL,
  `amount` int(10) NOT NULL,
  PRIMARY KEY (`id`),
  KEY `FK_inwardid` (`inward_id`),
  KEY `FK_iitemid` (`item_category_id`)
) ENGINE=InnoDB DEFAULT CHARSET=utf8 COLLATE=utf8_unicode_ci AUTO_INCREMENT=1 ;

-- --------------------------------------------------------

--
-- Table structure for table `item_category`
--

CREATE TABLE IF NOT EXISTS `item_category` (
  `id` int(5) NOT NULL AUTO_INCREMENT,
  `cat_name` varchar(20) COLLATE utf8_unicode_ci NOT NULL,
  PRIMARY KEY (`id`)
) ENGINE=InnoDB DEFAULT CHARSET=utf8 COLLATE=utf8_unicode_ci AUTO_INCREMENT=1 ;

-- --------------------------------------------------------

--
-- Table structure for table `languages`
--

CREATE TABLE IF NOT EXISTS `languages` (
  `languages_id` int(2) NOT NULL AUTO_INCREMENT,
  `languages_name` varchar(30) NOT NULL,
  `languages_organization_id` int(2) NOT NULL,
  `languages_created_by` int(3) NOT NULL,
  `languages_created_date` datetime NOT NULL,
  PRIMARY KEY (`languages_id`)
) ENGINE=InnoDB  DEFAULT CHARSET=latin1 AUTO_INCREMENT=6 ;

--
-- Dumping data for table `languages`
--

INSERT INTO `languages` (`languages_id`, `languages_name`, `languages_organization_id`, `languages_created_by`, `languages_created_date`) VALUES
(1, 'English', 1, 2, '2012-05-16 09:44:00'),
(2, 'Gujarati', 1, 2, '2012-05-16 09:44:11'),
(3, 'Hindi', 1, 2, '2012-05-16 09:44:29'),
(4, 'Marathi', 1, 2, '2012-05-16 09:45:11'),
(5, 'Punjabi', 1, 2, '2012-05-16 09:45:21');

-- --------------------------------------------------------

--
-- Table structure for table `languages_known`
--

CREATE TABLE IF NOT EXISTS `languages_known` (
  `languages_known_id` int(2) NOT NULL AUTO_INCREMENT,
  `languages_known1` int(2) NOT NULL,
  `languages_known2` int(2) DEFAULT NULL,
  `languages_known3` int(2) DEFAULT NULL,
  `languages_known4` int(2) DEFAULT NULL,
  PRIMARY KEY (`languages_known_id`)
) ENGINE=InnoDB DEFAULT CHARSET=latin1 AUTO_INCREMENT=1 ;

-- --------------------------------------------------------

--
-- Table structure for table `login_user`
--

CREATE TABLE IF NOT EXISTS `login_user` (
  `id` int(3) NOT NULL AUTO_INCREMENT,
  `user_id` int(3) NOT NULL,
  `status` int(1) NOT NULL,
  `log_in_time` datetime NOT NULL,
  `log_out_time` datetime DEFAULT NULL,
  `user_ip_address` varchar(16) NOT NULL,
  PRIMARY KEY (`id`)
) ENGINE=MyISAM  DEFAULT CHARSET=latin1 AUTO_INCREMENT=13 ;

--
-- Dumping data for table `login_user`
--

INSERT INTO `login_user` (`id`, `user_id`, `status`, `log_in_time`, `log_out_time`, `user_ip_address`) VALUES
(1, 1, 0, '2012-07-10 17:42:18', '2012-07-10 17:54:36', '127.0.0.1'),
(2, 2, 0, '2012-07-10 17:54:49', '2012-07-10 17:59:53', '127.0.0.1'),
(3, 2, 0, '2012-07-10 18:00:09', '2012-07-11 10:35:33', '127.0.0.1'),
(4, 2, 0, '2012-07-11 10:09:17', '2012-07-11 10:35:33', '127.0.0.1'),
(5, 2, 0, '2012-07-11 10:35:53', '2012-07-11 10:52:21', '127.0.0.1'),
(6, 1, 0, '2012-07-11 10:52:43', '2012-07-11 11:18:32', '127.0.0.1'),
(7, 2, 0, '2012-07-11 11:18:45', '2012-07-11 13:54:51', '127.0.0.1'),
(8, 1, 0, '2012-07-11 13:55:03', '2012-07-11 13:55:42', '127.0.0.1'),
(9, 2, 0, '2012-07-11 13:55:53', '2012-07-11 17:35:42', '127.0.0.1'),
(10, 1, 0, '2012-07-11 17:36:33', '2012-07-11 17:37:17', '127.0.0.1'),
(11, 2, 0, '2012-07-11 17:37:30', '2012-07-11 17:38:38', '127.0.0.1'),
(12, 2, 1, '2012-07-11 18:39:17', NULL, '127.0.0.1');

-- --------------------------------------------------------

--
-- Table structure for table `mainmenu`
--

CREATE TABLE IF NOT EXISTS `mainmenu` (
  `menu_id` int(3) NOT NULL AUTO_INCREMENT,
  `menu_name` varchar(30) COLLATE utf8_unicode_ci NOT NULL,
  `link` varchar(100) COLLATE utf8_unicode_ci NOT NULL,
  `image` varchar(100) COLLATE utf8_unicode_ci NOT NULL,
  `status` varchar(20) COLLATE utf8_unicode_ci NOT NULL,
  `created_by` int(1) NOT NULL,
  `created_date` int(1) NOT NULL,
  PRIMARY KEY (`menu_id`)
) ENGINE=InnoDB DEFAULT CHARSET=utf8 COLLATE=utf8_unicode_ci AUTO_INCREMENT=1 ;

-- --------------------------------------------------------

--
-- Table structure for table `message_of_day`
--

CREATE TABLE IF NOT EXISTS `message_of_day` (
  `id` int(3) NOT NULL AUTO_INCREMENT,
  `message` varchar(250) NOT NULL,
  `created_by` int(7) NOT NULL,
  `creation_date` datetime NOT NULL,
  PRIMARY KEY (`id`)
) ENGINE=MyISAM  DEFAULT CHARSET=latin1 AUTO_INCREMENT=2 ;

--
-- Dumping data for table `message_of_day`
--

INSERT INTO `message_of_day` (`id`, `message`, `created_by`, `creation_date`) VALUES
(1, 'in life failure is not the real end,but it can be the real beginning of success..Have a nice day.. ', 2, '2012-07-11 00:00:00');

-- --------------------------------------------------------

--
-- Table structure for table `miscellaneous_fees_master`
--

CREATE TABLE IF NOT EXISTS `miscellaneous_fees_master` (
  `miscellaneous_fees_id` int(11) NOT NULL AUTO_INCREMENT,
  `miscellaneous_fees_name` varchar(50) NOT NULL,
  `created_by` int(11) NOT NULL,
  `creation_date` datetime NOT NULL,
  PRIMARY KEY (`miscellaneous_fees_id`)
) ENGINE=MyISAM DEFAULT CHARSET=latin1 AUTO_INCREMENT=1 ;

-- --------------------------------------------------------

--
-- Table structure for table `miscellaneous_fees_payment_cash`
--

CREATE TABLE IF NOT EXISTS `miscellaneous_fees_payment_cash` (
  `miscellaneous_fees_payment_cash_id` int(7) NOT NULL AUTO_INCREMENT,
  `miscellaneous_fees_payment_cash_master_id` int(3) NOT NULL,
  `miscellaneous_fees_payment_cash_amount` int(7) NOT NULL,
  `miscellaneous_fees_payment_cash_student_id` int(7) NOT NULL,
  `miscellaneous_fees_payment_cash_receipt_id` int(7) NOT NULL,
  `miscellaneous_fees_payment_cash_created_by` int(3) NOT NULL,
  `miscellaneous_fees_payment_cash_creation_date` datetime NOT NULL,
  PRIMARY KEY (`miscellaneous_fees_payment_cash_id`)
) ENGINE=InnoDB DEFAULT CHARSET=utf8 COLLATE=utf8_unicode_ci AUTO_INCREMENT=1 ;

-- --------------------------------------------------------

--
-- Table structure for table `miscellaneous_fees_payment_cheque`
--

CREATE TABLE IF NOT EXISTS `miscellaneous_fees_payment_cheque` (
  `miscellaneous_fees_payment_cheque_id` int(6) NOT NULL AUTO_INCREMENT,
  `miscellaneous_fees_payment_cheque_master_id` int(3) NOT NULL,
  `miscellaneous_fees_payment_cheque_number` int(6) NOT NULL,
  `miscellaneous_fees_payment_cheque_date` datetime NOT NULL,
  `miscellaneous_fees_payment_cheque_bank` int(6) NOT NULL,
  `miscellaneous_fees_payment_cheque_branch` varchar(50) COLLATE utf8_unicode_ci NOT NULL,
  `miscellaneous_fees_payment_cheque_amount` int(6) NOT NULL,
  `miscellaneous_fees_payment_cheque_status` tinyint(1) NOT NULL,
  `miscellaneous_fees_payment_cheque_draft_status` int(3) NOT NULL,
  `miscellaneous_fees_payment_cheque_student_id` int(7) NOT NULL,
  `miscellaneous_fees_payment_cheque_receipt_id` int(7) NOT NULL,
  `miscellaneous_fees_payment_cheque_created_by` int(3) NOT NULL,
  `miscellaneous_fees_payment_cheque_creation_date` datetime NOT NULL,
  PRIMARY KEY (`miscellaneous_fees_payment_cheque_id`)
) ENGINE=InnoDB DEFAULT CHARSET=utf8 COLLATE=utf8_unicode_ci AUTO_INCREMENT=1 ;

-- --------------------------------------------------------

--
-- Table structure for table `miscellaneous_fees_payment_transaction`
--

CREATE TABLE IF NOT EXISTS `miscellaneous_fees_payment_transaction` (
  `miscellaneous_trans_id` int(11) NOT NULL AUTO_INCREMENT,
  `miscellaneous_fees_id` int(11) NOT NULL,
  `student_fees_id` int(11) NOT NULL,
  `Amount` int(11) NOT NULL,
  PRIMARY KEY (`miscellaneous_trans_id`),
  KEY `fk_misce_id` (`miscellaneous_fees_id`),
  KEY `fk_stud_trans_id` (`student_fees_id`)
) ENGINE=MyISAM DEFAULT CHARSET=latin1 AUTO_INCREMENT=1 ;

-- --------------------------------------------------------

--
-- Table structure for table `nationality`
--

CREATE TABLE IF NOT EXISTS `nationality` (
  `nationality_id` int(2) NOT NULL AUTO_INCREMENT,
  `nationality_name` varchar(30) NOT NULL,
  `nationality_organization_id` int(2) NOT NULL,
  `nationality_created_by` int(3) NOT NULL,
  `nationality_created_date` datetime NOT NULL,
  PRIMARY KEY (`nationality_id`)
) ENGINE=InnoDB  DEFAULT CHARSET=latin1 AUTO_INCREMENT=25 ;

--
-- Dumping data for table `nationality`
--

INSERT INTO `nationality` (`nationality_id`, `nationality_name`, `nationality_organization_id`, `nationality_created_by`, `nationality_created_date`) VALUES
(1, 'Australian', 1, 1, '2012-01-31 00:00:00'),
(3, 'Bhutanese', 1, 1, '2012-01-31 00:00:00'),
(4, 'Brazilian', 1, 1, '2012-01-31 00:00:00'),
(5, 'British', 1, 1, '2012-01-31 00:00:00'),
(6, 'Canadian', 1, 1, '2012-01-31 00:00:00'),
(7, 'Chinese', 1, 1, '2012-01-31 00:00:00'),
(8, 'English', 1, 1, '2012-01-31 00:00:00'),
(10, 'German', 1, 1, '2012-01-31 00:00:00'),
(11, 'Indian', 1, 1, '2012-01-31 00:00:00'),
(12, 'Iranian', 1, 1, '2012-01-31 00:00:00'),
(14, 'Italian', 1, 1, '2012-01-31 00:00:00'),
(15, 'Japanese', 1, 1, '2012-01-31 00:00:00'),
(16, 'Kenyan', 1, 1, '2012-01-31 00:00:00'),
(17, 'Burmese', 1, 1, '2012-01-31 00:00:00'),
(18, 'Nepalese', 1, 1, '2012-01-31 00:00:00'),
(19, 'Pakistani', 1, 1, '2012-01-31 00:00:00'),
(20, 'Russian', 1, 1, '2012-01-31 00:00:00'),
(21, 'Saudi Arabian', 1, 1, '2012-01-31 00:00:00'),
(22, 'South African', 1, 1, '2012-01-31 00:00:00'),
(23, 'Spanish', 1, 1, '2012-01-31 00:00:00'),
(24, 'Sri Lankan', 1, 1, '2012-01-31 00:00:00');

-- --------------------------------------------------------

--
-- Table structure for table `no_of_break_table`
--

CREATE TABLE IF NOT EXISTS `no_of_break_table` (
  `id` int(5) NOT NULL AUTO_INCREMENT,
  `timetable_id` int(5) NOT NULL,
  `day` int(5) DEFAULT NULL,
  `after_lec_break` int(5) NOT NULL,
  `branch_id` int(5) NOT NULL,
  `div_id` int(5) NOT NULL,
  `acdm_period_id` int(5) NOT NULL,
  `acdm_name_id` int(5) NOT NULL,
  PRIMARY KEY (`id`)
) ENGINE=MyISAM  DEFAULT CHARSET=latin1 AUTO_INCREMENT=16 ;

-- --------------------------------------------------------

--
-- Table structure for table `organization`
--

CREATE TABLE IF NOT EXISTS `organization` (
  `organization_id` int(2) NOT NULL AUTO_INCREMENT,
  `organization_name` varchar(50) NOT NULL,
  `organization_created_by` int(3) NOT NULL,
  `organization_creation_date` datetime NOT NULL,
  `address_line1` varchar(50) NOT NULL,
  `address_line2` varchar(50) NOT NULL,
  `city` int(3) NOT NULL,
  `state` int(3) NOT NULL,
  `country` int(3) NOT NULL,
  `pin` int(6) NOT NULL,
  `phone` int(10) NOT NULL,
  `website` varchar(30) NOT NULL,
  `email` varchar(30) NOT NULL,
  `taxno` int(6) DEFAULT NULL,
  `logo` varchar(100) NOT NULL,
  PRIMARY KEY (`organization_id`),
  KEY `fk_org_city` (`city`),
  KEY `fk_org_state` (`state`),
  KEY `fk_org_country` (`country`)
) ENGINE=InnoDB  DEFAULT CHARSET=latin1 AUTO_INCREMENT=2 ;

--
-- Dumping data for table `organization`
--

INSERT INTO `organization` (`organization_id`, `organization_name`, `organization_created_by`, `organization_creation_date`, `address_line1`, `address_line2`, `city`, `state`, `country`, `pin`, `phone`, `website`, `email`, `taxno`, `logo`) VALUES
(1, 'Hansaba College Of Engineering & Technology', 1, '2012-07-11 11:13:35', 'At: Sujanpur Patia,Opp.I.O.C.Depot,', 'State Highway No-41,', 151, 10, 106, 384151, 123, 'http://www.hansaba.com', 'info@hansaba.com', NULL, 'Hansaba College Of Engineering & Technology.jpg');

-- --------------------------------------------------------

--
-- Table structure for table `outward`
--

CREATE TABLE IF NOT EXISTS `outward` (
  `id` int(5) NOT NULL AUTO_INCREMENT,
  `invoice_description` varchar(100) COLLATE utf8_unicode_ci NOT NULL,
  `company_name` varchar(30) COLLATE utf8_unicode_ci NOT NULL,
  `invoice_no_dc` varchar(10) COLLATE utf8_unicode_ci NOT NULL,
  `invoice_date` date NOT NULL,
  `sending_date` date NOT NULL,
  `receiver_name` varchar(20) COLLATE utf8_unicode_ci NOT NULL,
  `department` int(3) NOT NULL,
  `photo` varchar(250) COLLATE utf8_unicode_ci NOT NULL,
  `document` varchar(300) COLLATE utf8_unicode_ci NOT NULL,
  `document_desc` varchar(100) COLLATE utf8_unicode_ci NOT NULL,
  `org_name_id` int(2) NOT NULL,
  `no_of_packets` int(10) NOT NULL,
  `sender_name` varchar(20) COLLATE utf8_unicode_ci NOT NULL,
  PRIMARY KEY (`id`),
  KEY `fk_depart` (`department`),
  KEY `fk_org` (`org_name_id`)
) ENGINE=InnoDB DEFAULT CHARSET=utf8 COLLATE=utf8_unicode_ci AUTO_INCREMENT=1 ;

-- --------------------------------------------------------

--
-- Table structure for table `outward_details`
--

CREATE TABLE IF NOT EXISTS `outward_details` (
  `id` int(5) NOT NULL AUTO_INCREMENT,
  `outward_id` int(5) NOT NULL,
  `name` int(5) NOT NULL,
  `description` varchar(100) COLLATE utf8_unicode_ci NOT NULL,
  `quantity` int(10) NOT NULL,
  `item_category_id` int(5) NOT NULL,
  `rate` int(10) NOT NULL,
  `amount` int(10) NOT NULL,
  PRIMARY KEY (`id`),
  KEY `fk_out` (`outward_id`),
  KEY `fk_itemcat` (`item_category_id`),
  KEY `fk_name` (`name`)
) ENGINE=InnoDB DEFAULT CHARSET=utf8 COLLATE=utf8_unicode_ci AUTO_INCREMENT=1 ;

-- --------------------------------------------------------

--
-- Table structure for table `qualification`
--

CREATE TABLE IF NOT EXISTS `qualification` (
  `qualification_id` int(2) NOT NULL AUTO_INCREMENT,
  `qualification_name` varchar(30) NOT NULL,
  `qualification_organization_id` int(2) NOT NULL,
  `qualification_created_by` int(3) NOT NULL,
  `qualification_created_date` datetime NOT NULL,
  PRIMARY KEY (`qualification_id`)
) ENGINE=InnoDB  DEFAULT CHARSET=latin1 AUTO_INCREMENT=14 ;

--
-- Dumping data for table `qualification`
--

INSERT INTO `qualification` (`qualification_id`, `qualification_name`, `qualification_organization_id`, `qualification_created_by`, `qualification_created_date`) VALUES
(1, 'Ph.D.', 1, 2, '2012-07-11 12:41:03'),
(2, 'M. Phil.', 1, 2, '2012-07-11 12:41:16'),
(3, 'M. Tech. / M.E.', 1, 2, '2012-07-11 12:42:17'),
(4, 'M.B.A.', 1, 2, '2012-07-11 12:43:17'),
(5, 'B. Tech / B.E.', 1, 2, '2012-07-11 12:43:32'),
(6, 'B.B.A.', 1, 2, '2012-07-11 12:43:53'),
(7, 'M.A. / M.Com. / M.Sc./M.Sc.IT.', 1, 2, '2012-07-11 12:44:14'),
(8, 'M. Lib.', 1, 2, '2012-07-11 12:44:29'),
(9, 'B.A. / B. Com / B.Sc.', 1, 2, '2012-07-11 12:44:46'),
(10, 'B. Lib.', 1, 2, '2012-07-11 12:44:58'),
(11, 'Diploma', 1, 2, '2012-07-11 12:45:10'),
(12, 'P.G.D.C.A.', 1, 2, '2012-07-11 12:45:23'),
(13, 'I.T.I.', 1, 2, '2012-07-11 12:45:34');

-- --------------------------------------------------------

--
-- Table structure for table `quota`
--

CREATE TABLE IF NOT EXISTS `quota` (
  `quota_id` int(2) NOT NULL AUTO_INCREMENT,
  `quota_name` varchar(30) NOT NULL,
  `quota_organization_id` int(2) NOT NULL,
  `quota_created_by` int(3) NOT NULL,
  `quota_created_date` datetime NOT NULL,
  PRIMARY KEY (`quota_id`)
) ENGINE=InnoDB  DEFAULT CHARSET=latin1 AUTO_INCREMENT=7 ;

--
-- Dumping data for table `quota`
--

INSERT INTO `quota` (`quota_id`, `quota_name`, `quota_organization_id`, `quota_created_by`, `quota_created_date`) VALUES
(1, 'ACPC', 1, 2, '2012-07-11 12:46:02'),
(2, 'Management Quota', 1, 2, '2012-07-11 12:46:13'),
(3, 'NRI Quota', 1, 2, '2012-07-11 12:46:22'),
(4, 'Vacant', 1, 2, '2012-07-11 12:46:29'),
(5, 'PIO', 1, 2, '2012-07-11 12:46:37'),
(6, 'TFW', 1, 2, '2012-07-11 12:46:44');

-- --------------------------------------------------------

--
-- Table structure for table `religion`
--

CREATE TABLE IF NOT EXISTS `religion` (
  `religion_id` int(2) NOT NULL AUTO_INCREMENT,
  `religion_name` varchar(30) NOT NULL,
  `religion_organization_id` int(2) NOT NULL,
  `religion_created_by` int(3) NOT NULL,
  `religion_created_date` datetime NOT NULL,
  PRIMARY KEY (`religion_id`)
) ENGINE=InnoDB  DEFAULT CHARSET=latin1 AUTO_INCREMENT=6 ;

--
-- Dumping data for table `religion`
--

INSERT INTO `religion` (`religion_id`, `religion_name`, `religion_organization_id`, `religion_created_by`, `religion_created_date`) VALUES
(1, 'Hindu', 1, 2, '2012-07-11 12:47:21'),
(2, 'Muslim', 1, 2, '2012-07-11 12:47:29'),
(3, 'Christian', 1, 2, '2012-07-11 12:47:37'),
(4, 'Jain', 1, 2, '2012-07-11 12:47:46'),
(5, 'Other', 1, 2, '2012-07-11 12:47:55');

-- --------------------------------------------------------

--
-- Table structure for table `Rights`
--

CREATE TABLE IF NOT EXISTS `Rights` (
  `itemname` varchar(64) NOT NULL,
  `type` int(11) NOT NULL,
  `weight` int(11) DEFAULT NULL,
  PRIMARY KEY (`itemname`)
) ENGINE=InnoDB DEFAULT CHARSET=latin1;

-- --------------------------------------------------------

--
-- Table structure for table `role_master`
--

CREATE TABLE IF NOT EXISTS `role_master` (
  `role_master_id` int(2) NOT NULL AUTO_INCREMENT,
  `role_master_name` varchar(15) NOT NULL,
  PRIMARY KEY (`role_master_id`)
) ENGINE=InnoDB  DEFAULT CHARSET=latin1 AUTO_INCREMENT=2 ;

--
-- Dumping data for table `role_master`
--

INSERT INTO `role_master` (`role_master_id`, `role_master_name`) VALUES
(1, 'admin');

-- --------------------------------------------------------

--
-- Table structure for table `room_category_master`
--

CREATE TABLE IF NOT EXISTS `room_category_master` (
  `id` int(100) NOT NULL AUTO_INCREMENT,
  `category_name` varchar(100) NOT NULL,
  `created_by` varchar(100) NOT NULL,
  `creation_time` timestamp NOT NULL DEFAULT CURRENT_TIMESTAMP,
  PRIMARY KEY (`id`)
) ENGINE=MyISAM DEFAULT CHARSET=latin1 AUTO_INCREMENT=1 ;

-- --------------------------------------------------------

--
-- Table structure for table `room_details_master`
--

CREATE TABLE IF NOT EXISTS `room_details_master` (
  `id` int(100) NOT NULL AUTO_INCREMENT,
  `room_name` varchar(100) NOT NULL,
  `location` varchar(100) NOT NULL,
  `seat_capacity` int(30) NOT NULL,
  `room_category` int(100) NOT NULL,
  `no_of_banches` int(30) NOT NULL,
  `remarks` text,
  PRIMARY KEY (`id`),
  KEY `fk_room_category` (`room_category`)
) ENGINE=MyISAM DEFAULT CHARSET=latin1 AUTO_INCREMENT=1 ;

-- --------------------------------------------------------

--
-- Table structure for table `shift`
--

CREATE TABLE IF NOT EXISTS `shift` (
  `shift_id` int(5) NOT NULL AUTO_INCREMENT,
  `shift_type` varchar(15) NOT NULL,
  `shift_organization_id` int(2) NOT NULL,
  `shift_start_time` time NOT NULL,
  `shift_end_time` time NOT NULL,
  `shift_created_by` int(3) NOT NULL,
  `shift_created_date` datetime NOT NULL,
  PRIMARY KEY (`shift_id`)
) ENGINE=InnoDB  DEFAULT CHARSET=latin1 AUTO_INCREMENT=2 ;

--
-- Dumping data for table `shift`
--

INSERT INTO `shift` (`shift_id`, `shift_type`, `shift_organization_id`, `shift_start_time`, `shift_end_time`, `shift_created_by`, `shift_created_date`) VALUES
(1, 'General', 1, '10:00:00', '17:00:00', 2, '2012-07-11 12:58:58');

-- --------------------------------------------------------

--
-- Table structure for table `state`
--

CREATE TABLE IF NOT EXISTS `state` (
  `state_id` int(30) NOT NULL DEFAULT '0',
  `state_name` varchar(80) CHARACTER SET utf8 COLLATE utf8_unicode_ci NOT NULL,
  `country_id` varchar(30) CHARACTER SET utf8 COLLATE utf8_unicode_ci NOT NULL,
  PRIMARY KEY (`state_id`)
) ENGINE=InnoDB DEFAULT CHARSET=latin1;

--
-- Dumping data for table `state`
--

INSERT INTO `state` (`state_id`, `state_name`, `country_id`) VALUES
(1, 'Uttar Pradesh', '106'),
(2, 'Maharashtra', '106'),
(3, ' Bihar', '106'),
(4, 'West Bengal ', '106'),
(5, 'Andhra Pradesh', '106'),
(6, 'Madhya Pradesh', '106'),
(7, 'Tamil Nadu', '106'),
(8, 'Rajasthan', '106'),
(9, 'Karnataka ', '106'),
(10, 'Gujarat', '106'),
(11, 'Orissa', '106'),
(12, 'Kerala', '106'),
(13, 'Jharkhand', '106'),
(14, 'Assam', '106'),
(15, 'Punjab', '106'),
(16, 'Chhattisgarh', '106'),
(17, 'Haryana', '106'),
(18, 'Jammu and Kashmir', '106'),
(19, 'Uttarakhand', '106'),
(20, 'Himachal Pradesh', '106'),
(21, 'Tripura', '106'),
(22, 'Meghalaya', '106'),
(23, 'Manipur', '106'),
(24, 'Nagaland', '106'),
(25, 'Goa', '106'),
(26, 'Arunachal Pradesh', '106'),
(27, 'Mizoram', '106'),
(28, 'Sikkim', '106'),
(29, 'Pondicherry', '106'),
(30, 'Chandigarh', '106'),
(31, 'Andaman and Nicobar Islands', '106'),
(32, 'Dadra and Nagar Haveli', '106'),
(33, 'Daman and Diu ', '106'),
(34, 'Lakshadweep', '106');

-- --------------------------------------------------------

--
-- Table structure for table `student_academic_record_trans`
--

CREATE TABLE IF NOT EXISTS `student_academic_record_trans` (
  `student_academic_record_trans_id` int(5) NOT NULL AUTO_INCREMENT,
  `student_academic_record_trans_stud_id` int(5) NOT NULL,
  `student_academic_record_trans_qualification_id` int(3) NOT NULL,
  `student_academic_record_trans_eduboard_id` int(3) NOT NULL,
  `student_academic_record_trans_record_trans_year_id` int(5) NOT NULL,
  `theory_mark_obtained` int(3) NOT NULL,
  `theory_mark_max` int(3) NOT NULL,
  `theory_percentage` float NOT NULL,
  `practical_mark_obtained` int(3) NOT NULL,
  `practical_mark_max` int(3) NOT NULL,
  `practical_percentage` float NOT NULL,
  PRIMARY KEY (`student_academic_record_trans_id`),
  KEY `fk_qualification` (`student_academic_record_trans_qualification_id`),
  KEY `fk_eduboard` (`student_academic_record_trans_eduboard_id`),
  KEY `fk_year` (`student_academic_record_trans_record_trans_year_id`)
) ENGINE=InnoDB DEFAULT CHARSET=latin1 AUTO_INCREMENT=1 ;

-- --------------------------------------------------------

--
-- Table structure for table `student_address`
--

CREATE TABLE IF NOT EXISTS `student_address` (
  `student_address_id` int(5) NOT NULL AUTO_INCREMENT,
  `student_address_c_line1` varchar(100) NOT NULL,
  `student_address_c_line2` varchar(100) NOT NULL,
  `student_address_c_country` int(9) NOT NULL,
  `student_address_c_city` int(9) NOT NULL,
  `student_address_c_pin` int(6) NOT NULL,
  `student_address_c_state` int(9) NOT NULL,
  `student_address_p_line1` varchar(100) NOT NULL,
  `student_address_p_line2` varchar(100) NOT NULL,
  `student_address_p_city` int(9) NOT NULL,
  `student_address_p_pin` int(6) NOT NULL,
  `student_address_p_state` int(9) NOT NULL,
  `student_address_p_country` int(9) NOT NULL,
  `student_address_phone` bigint(15) DEFAULT NULL,
  `student_address_mobile` bigint(15) DEFAULT NULL,
  PRIMARY KEY (`student_address_id`)
) ENGINE=InnoDB DEFAULT CHARSET=latin1 AUTO_INCREMENT=1 ;

-- --------------------------------------------------------

--
-- Table structure for table `student_docs`
--

CREATE TABLE IF NOT EXISTS `student_docs` (
  `student_docs_id` int(6) NOT NULL AUTO_INCREMENT,
  `student_docs_desc` varchar(50) DEFAULT NULL,
  `student_docs_path` varchar(150) NOT NULL,
  PRIMARY KEY (`student_docs_id`)
) ENGINE=InnoDB DEFAULT CHARSET=latin1 AUTO_INCREMENT=1 ;

-- --------------------------------------------------------

--
-- Table structure for table `student_docs_trans`
--

CREATE TABLE IF NOT EXISTS `student_docs_trans` (
  `student_docs_trans_id` int(5) NOT NULL AUTO_INCREMENT,
  `student_docs_trans_user_id` int(7) NOT NULL,
  `student_docs_trans_stud_docs_id` int(6) NOT NULL,
  PRIMARY KEY (`student_docs_trans_id`),
  KEY `fk_student_docs_id` (`student_docs_trans_stud_docs_id`)
) ENGINE=InnoDB DEFAULT CHARSET=latin1 AUTO_INCREMENT=1 ;

-- --------------------------------------------------------

--
-- Table structure for table `student_info`
--

CREATE TABLE IF NOT EXISTS `student_info` (
  `student_id` int(5) NOT NULL AUTO_INCREMENT,
  `title` varchar(10) NOT NULL,
  `student_roll_no` varchar(10) NOT NULL,
  `student_merit_no` varchar(15) NOT NULL,
  `student_enroll_no` varchar(15) NOT NULL,
  `student_gr_no` bigint(15) NOT NULL,
  `student_first_name` varchar(25) NOT NULL,
  `student_middle_name` varchar(25) NOT NULL,
  `student_last_name` varchar(25) NOT NULL,
  `student_father_name` varchar(25) DEFAULT NULL,
  `student_mother_name` varchar(25) NOT NULL,
  `student_living_status` varchar(15) NOT NULL,
  `student_adm_date` date NOT NULL,
  `student_dob` date NOT NULL,
  `student_birthplace` varchar(25) DEFAULT NULL,
  `student_gender` varchar(6) NOT NULL,
  `student_guardian_name` varchar(100) NOT NULL,
  `student_guardian_relation` varchar(20) NOT NULL,
  `student_guardian_qualification` varchar(50) DEFAULT NULL,
  `student_guardian_occupation` varchar(50) DEFAULT NULL,
  `student_guardian_income` varchar(15) NOT NULL,
  `student_guardian_occupation_address` varchar(100) DEFAULT NULL,
  `student_guardian_occupation_city` int(4) DEFAULT NULL,
  `student_guardian_city_pin` int(6) DEFAULT NULL,
  `student_guardian_home_address` varchar(100) DEFAULT NULL,
  `student_guardian_phoneno` bigint(15) DEFAULT NULL,
  `student_guardian_mobile` bigint(15) NOT NULL,
  `student_email_id_1` varchar(60) NOT NULL,
  `student_email_id_2` varchar(60) DEFAULT NULL,
  `student_bloodgroup` varchar(3) NOT NULL,
  `student_tally_id` bigint(20) NOT NULL,
  `student_created_by` int(1) DEFAULT NULL,
  `student_creation_date` datetime DEFAULT NULL,
  `student_mobile_no` bigint(15) NOT NULL,
  PRIMARY KEY (`student_id`)
) ENGINE=InnoDB DEFAULT CHARSET=latin1 AUTO_INCREMENT=1 ;

-- --------------------------------------------------------

--
-- Table structure for table `student_marks`
--

CREATE TABLE IF NOT EXISTS `student_marks` (
  `student_marks_id` int(9) NOT NULL AUTO_INCREMENT,
  `student_marks_obtained` int(4) NOT NULL,
  `student_marks_out_of` int(2) NOT NULL,
  `student_marks_percent` double NOT NULL,
  `student_marks_created_by` int(3) NOT NULL,
  `student_marks_creation_date` datetime NOT NULL,
  PRIMARY KEY (`student_marks_id`)
) ENGINE=InnoDB DEFAULT CHARSET=latin1 AUTO_INCREMENT=1 ;

-- --------------------------------------------------------

--
-- Table structure for table `student_marks_type_master`
--

CREATE TABLE IF NOT EXISTS `student_marks_type_master` (
  `student_marks_type_master_id` int(3) NOT NULL,
  `student_marks_type_master_name` varchar(20) NOT NULL,
  PRIMARY KEY (`student_marks_type_master_id`)
) ENGINE=InnoDB DEFAULT CHARSET=latin1;

-- --------------------------------------------------------

--
-- Table structure for table `student_photos`
--

CREATE TABLE IF NOT EXISTS `student_photos` (
  `student_photos_id` int(5) NOT NULL AUTO_INCREMENT,
  `student_photos_desc` varchar(50) DEFAULT NULL,
  `student_photos_path` varchar(150) NOT NULL,
  PRIMARY KEY (`student_photos_id`)
) ENGINE=InnoDB DEFAULT CHARSET=latin1 AUTO_INCREMENT=1 ;

-- --------------------------------------------------------

--
-- Table structure for table `student_sms_email_details`
--

CREATE TABLE IF NOT EXISTS `student_sms_email_details` (
  `student_sms_email_id` int(11) NOT NULL AUTO_INCREMENT,
  `branch_id` int(3) NOT NULL,
  `academic_period_id` int(3) NOT NULL,
  `academic_name_id` int(3) NOT NULL,
  `division_id` int(3) NOT NULL,
  `student_id` int(3) NOT NULL,
  `message_email_text` text NOT NULL,
  `email_sms_status` int(3) NOT NULL,
  `created_by` int(3) NOT NULL,
  `creation_date` datetime NOT NULL,
  `shift_id` int(11) NOT NULL,
  PRIMARY KEY (`student_sms_email_id`),
  KEY `fk_acdm_period` (`academic_period_id`),
  KEY `fk_acdm_name` (`academic_name_id`),
  KEY `fk_stu_sms_bid` (`branch_id`),
  KEY `fk_stu_sms_shiftid` (`shift_id`),
  KEY `fk_stu_sms_divid` (`division_id`),
  KEY `fk_stu_sms_stuid` (`student_id`)
) ENGINE=MyISAM DEFAULT CHARSET=latin1 AUTO_INCREMENT=1 ;

-- --------------------------------------------------------

--
-- Table structure for table `student_transaction`
--

CREATE TABLE IF NOT EXISTS `student_transaction` (
  `student_transaction_id` int(9) NOT NULL AUTO_INCREMENT,
  `student_transaction_user_id` int(5) NOT NULL,
  `student_transaction_student_id` int(5) NOT NULL,
  `student_transaction_branch_id` int(2) NOT NULL,
  `student_transaction_category_id` int(2) NOT NULL,
  `student_transaction_organization_id` int(2) NOT NULL,
  `student_transaction_student_address_id` int(5) NOT NULL,
  `student_transaction_nationality_id` int(2) NOT NULL,
  `student_transaction_quota_id` int(2) NOT NULL,
  `student_transaction_religion_id` int(2) DEFAULT NULL,
  `student_transaction_shift_id` int(2) NOT NULL,
  `student_transaction_languages_known_id` int(2) NOT NULL,
  `student_transaction_student_photos_id` int(5) NOT NULL,
  `student_transaction_division_id` int(2) DEFAULT NULL,
  `student_transaction_batch_id` int(2) DEFAULT NULL,
  `student_academic_term_period_tran_id` int(2) NOT NULL,
  `student_academic_term_name_id` int(11) NOT NULL,
  PRIMARY KEY (`student_transaction_id`),
  KEY `FK_trans_branch` (`student_transaction_branch_id`),
  KEY `fk_category` (`student_transaction_category_id`),
  KEY `fk_organization` (`student_transaction_organization_id`),
  KEY `fk_nationality` (`student_transaction_nationality_id`),
  KEY `fk_quota` (`student_transaction_quota_id`),
  KEY `fk_religion` (`student_transaction_religion_id`),
  KEY `fk_shift` (`student_transaction_shift_id`),
  KEY `fk_division` (`student_transaction_division_id`),
  KEY `fk_batch` (`student_transaction_batch_id`),
  KEY `FK_student_id` (`student_transaction_student_id`),
  KEY `fk_std_photo` (`student_transaction_student_photos_id`),
  KEY `fk_std_term_period_id` (`student_academic_term_period_tran_id`),
  KEY `fk_std_term_name_id` (`student_academic_term_name_id`)
) ENGINE=InnoDB DEFAULT CHARSET=latin1 AUTO_INCREMENT=1 ;

-- --------------------------------------------------------

--
-- Table structure for table `subject_examination_mark`
--

CREATE TABLE IF NOT EXISTS `subject_examination_mark` (
  `id` int(3) NOT NULL AUTO_INCREMENT,
  `subject_id` int(3) NOT NULL,
  `university_mark` int(3) NOT NULL,
  `midsem_mark` int(3) NOT NULL,
  `practical_mark` int(3) NOT NULL,
  `created_by` int(3) NOT NULL,
  `creation_date` date NOT NULL,
  PRIMARY KEY (`id`),
  KEY `fk_subexam_id` (`subject_id`)
) ENGINE=MyISAM DEFAULT CHARSET=latin1 AUTO_INCREMENT=1 ;

-- --------------------------------------------------------

--
-- Table structure for table `subject_guidelines`
--

CREATE TABLE IF NOT EXISTS `subject_guidelines` (
  `id` int(5) NOT NULL AUTO_INCREMENT,
  `guideline` varchar(200) NOT NULL,
  `subject_id` int(3) NOT NULL,
  `created_by` int(3) NOT NULL,
  `creation_date` date NOT NULL,
  PRIMARY KEY (`id`),
  KEY `fk_sub_guidelines` (`subject_id`)
) ENGINE=MyISAM DEFAULT CHARSET=latin1 AUTO_INCREMENT=1 ;

-- --------------------------------------------------------

--
-- Table structure for table `subject_master`
--

CREATE TABLE IF NOT EXISTS `subject_master` (
  `subject_master_id` int(5) NOT NULL AUTO_INCREMENT,
  `subject_master_name` varchar(50) NOT NULL,
  `subject_master_code` varchar(15) NOT NULL,
  `subject_master_alias` varchar(15) NOT NULL,
  `subject_master_type_id` int(3) NOT NULL,
  `subject_master_organization_id` int(3) NOT NULL,
  `subject_master_branch_id` int(3) NOT NULL,
  `subject_master_academic_terms_period_id` int(3) NOT NULL,
  `subject_master_academic_terms_name_id` int(11) NOT NULL,
  `subject_master_active` tinyint(1) NOT NULL,
  `subject_master_updated_date` datetime NOT NULL,
  `subject_master_updated_user` int(5) NOT NULL,
  PRIMARY KEY (`subject_master_id`),
  KEY `fk_sub_type_id` (`subject_master_type_id`),
  KEY `fk_branch_id` (`subject_master_branch_id`),
  KEY `fk_organization_id` (`subject_master_organization_id`),
  KEY `fk_aca_term_period_id` (`subject_master_academic_terms_period_id`),
  KEY `fk_term_name` (`subject_master_academic_terms_name_id`)
) ENGINE=MyISAM DEFAULT CHARSET=latin1 AUTO_INCREMENT=1 ;

-- --------------------------------------------------------

--
-- Table structure for table `subject_refbook`
--

CREATE TABLE IF NOT EXISTS `subject_refbook` (
  `id` int(10) NOT NULL AUTO_INCREMENT,
  `sub_id` int(10) NOT NULL,
  `isbn_no` varchar(30) NOT NULL,
  `title` varchar(100) NOT NULL,
  `subject_refbook_type` varchar(10) NOT NULL,
  `photo` varchar(100) DEFAULT NULL,
  `created_by` varchar(100) NOT NULL,
  `created_date` timestamp NOT NULL DEFAULT CURRENT_TIMESTAMP ON UPDATE CURRENT_TIMESTAMP,
  PRIMARY KEY (`id`)
) ENGINE=MyISAM DEFAULT CHARSET=latin1 AUTO_INCREMENT=1 ;

-- --------------------------------------------------------

--
-- Table structure for table `subject_syllabus`
--

CREATE TABLE IF NOT EXISTS `subject_syllabus` (
  `id` int(10) NOT NULL AUTO_INCREMENT,
  `sub_id` int(10) NOT NULL,
  `topic_name` varchar(100) NOT NULL,
  `topic_description` text NOT NULL,
  `hours` int(10) NOT NULL,
  `subject_syllabus_type` varchar(10) NOT NULL,
  `teaching_method` int(3) DEFAULT NULL,
  `start_date` date DEFAULT NULL,
  `end_date` date DEFAULT NULL,
  `duration` time DEFAULT NULL,
  `actual_start_date` date DEFAULT NULL,
  `actual_end_date` date DEFAULT NULL,
  `actual_duration` time DEFAULT NULL,
  `actual_remarks` text,
  `created_by` varchar(40) NOT NULL,
  `created_date` timestamp NOT NULL DEFAULT CURRENT_TIMESTAMP ON UPDATE CURRENT_TIMESTAMP,
  PRIMARY KEY (`id`),
  KEY `fk_ss_sid` (`sub_id`),
  KEY `fk_ss_tid` (`teaching_method`)
) ENGINE=MyISAM DEFAULT CHARSET=latin1 AUTO_INCREMENT=1 ;

-- --------------------------------------------------------

--
-- Table structure for table `subject_teaching_schema`
--

CREATE TABLE IF NOT EXISTS `subject_teaching_schema` (
  `id` int(3) NOT NULL AUTO_INCREMENT,
  `subject_id` int(3) NOT NULL,
  `theory_credit` int(3) NOT NULL,
  `tutorial_credit` int(3) NOT NULL,
  `practical_credit` int(3) NOT NULL,
  `created_by` int(3) NOT NULL,
  `creation_date` date NOT NULL,
  PRIMARY KEY (`id`)
) ENGINE=MyISAM DEFAULT CHARSET=latin1 AUTO_INCREMENT=1 ;

-- --------------------------------------------------------

--
-- Table structure for table `subject_textbook`
--

CREATE TABLE IF NOT EXISTS `subject_textbook` (
  `id` int(10) NOT NULL AUTO_INCREMENT,
  `sub_id` int(10) NOT NULL,
  `isbn_no` varchar(30) NOT NULL,
  `title` varchar(100) NOT NULL,
  `subject_textbook_type` varchar(10) NOT NULL,
  `photo` varchar(100) DEFAULT NULL,
  `created_by` varchar(100) NOT NULL,
  `created_date` timestamp NOT NULL DEFAULT CURRENT_TIMESTAMP ON UPDATE CURRENT_TIMESTAMP,
  PRIMARY KEY (`id`)
) ENGINE=MyISAM DEFAULT CHARSET=latin1 AUTO_INCREMENT=1 ;

-- --------------------------------------------------------

--
-- Table structure for table `subject_type`
--

CREATE TABLE IF NOT EXISTS `subject_type` (
  `subject_type_id` int(3) NOT NULL AUTO_INCREMENT,
  `subject_type_name` varchar(50) NOT NULL,
  `subject_organization_id` int(3) NOT NULL,
  `subject_active` tinyint(1) NOT NULL,
  `subject_modified_date` datetime NOT NULL,
  `subject_modified_user` int(5) NOT NULL,
  PRIMARY KEY (`subject_type_id`),
  KEY `fk_org_id` (`subject_organization_id`)
) ENGINE=MyISAM DEFAULT CHARSET=latin1 AUTO_INCREMENT=1 ;

-- --------------------------------------------------------

--
-- Table structure for table `submenu`
--

CREATE TABLE IF NOT EXISTS `submenu` (
  `mainmenu_id` int(3) NOT NULL,
  `submenu_id` int(3) NOT NULL AUTO_INCREMENT,
  `title` varchar(30) COLLATE utf8_unicode_ci NOT NULL,
  `link` varchar(100) COLLATE utf8_unicode_ci NOT NULL,
  `status` varchar(20) COLLATE utf8_unicode_ci NOT NULL,
  `created_by` int(1) NOT NULL,
  `created_date` int(1) NOT NULL,
  PRIMARY KEY (`submenu_id`)
) ENGINE=InnoDB DEFAULT CHARSET=utf8 COLLATE=utf8_unicode_ci AUTO_INCREMENT=1 ;

-- --------------------------------------------------------

--
-- Table structure for table `teaching_aids`
--

CREATE TABLE IF NOT EXISTS `teaching_aids` (
  `teaching_aids_id` int(3) NOT NULL AUTO_INCREMENT,
  `teaching_aids_name` varchar(50) NOT NULL,
  `teaching_aids_alias` varchar(10) NOT NULL,
  `remarks` varchar(50) NOT NULL,
  `teaching_aids_created_by` int(5) NOT NULL,
  `teaching_aids_created_date` datetime NOT NULL,
  PRIMARY KEY (`teaching_aids_id`)
) ENGINE=MyISAM DEFAULT CHARSET=latin1 AUTO_INCREMENT=1 ;

-- --------------------------------------------------------

--
-- Table structure for table `teaching_methods`
--

CREATE TABLE IF NOT EXISTS `teaching_methods` (
  `teaching_methods_id` int(3) NOT NULL AUTO_INCREMENT,
  `teaching_methods_name` varchar(50) NOT NULL,
  `teaching_methods_alias` varchar(10) NOT NULL,
  `remarks` varchar(50) NOT NULL,
  `teaching_methods_created_by` int(3) NOT NULL,
  `teaching_methods_created_date` datetime NOT NULL,
  PRIMARY KEY (`teaching_methods_id`)
) ENGINE=MyISAM DEFAULT CHARSET=latin1 AUTO_INCREMENT=1 ;

-- --------------------------------------------------------

--
-- Table structure for table `time_table`
--

CREATE TABLE IF NOT EXISTS `time_table` (
  `timetable_id` int(11) NOT NULL AUTO_INCREMENT,
  `timetable_name` varchar(50) NOT NULL,
  `clg_start_time` time NOT NULL,
  `No_of_Lec` int(3) NOT NULL,
  `No_Of_Break` int(3) NOT NULL,
  `timetable_branch_id` int(3) NOT NULL,
  `timetable_acdm_term_period_id` int(3) NOT NULL,
  `timetable_acdm_term_name_id` int(3) NOT NULL,
  PRIMARY KEY (`timetable_id`),
  KEY `fk_acdm_period _id` (`timetable_acdm_term_period_id`),
  KEY `fk_acdm_name _id` (`timetable_acdm_term_name_id`),
  KEY `fk_branch_id` (`timetable_branch_id`)
) ENGINE=MyISAM  DEFAULT CHARSET=latin1 AUTO_INCREMENT=29 ;

-- --------------------------------------------------------

--
-- Table structure for table `time_table_detail`
--

CREATE TABLE IF NOT EXISTS `time_table_detail` (
  `timetable_detail_id` int(3) NOT NULL AUTO_INCREMENT,
  `timetable_id` int(3) NOT NULL,
  `subject_id` int(3) NOT NULL,
  `faculty_emp_id` int(3) NOT NULL,
  `branch_id` int(3) DEFAULT NULL,
  `acdm_period_id` int(3) DEFAULT NULL,
  `acdm_name_id` int(3) DEFAULT NULL,
  `room_id` int(3) NOT NULL,
  `division_id` int(3) NOT NULL,
  `batch_id` int(3) DEFAULT NULL,
  `day` varchar(10) DEFAULT NULL,
  `lec` int(3) DEFAULT NULL,
  `created_by` int(3) NOT NULL,
  `creation_date` datetime NOT NULL,
  PRIMARY KEY (`timetable_detail_id`),
  KEY `fk_sub_id` (`subject_id`),
  KEY `fk_fac_emp_id` (`faculty_emp_id`),
  KEY `fk_branch_id` (`branch_id`),
  KEY `fk_room_id` (`room_id`),
  KEY `fk_div_id` (`division_id`),
  KEY `fk_batch_id` (`batch_id`),
  KEY `fk_period_id` (`acdm_period_id`),
  KEY `fk_sem_name_id` (`acdm_name_id`),
  KEY `fk_timtable_id` (`timetable_id`)
) ENGINE=MyISAM  DEFAULT CHARSET=latin1 AUTO_INCREMENT=123 ;

-- --------------------------------------------------------

--
-- Table structure for table `user`
--

CREATE TABLE IF NOT EXISTS `user` (
  `user_id` int(5) NOT NULL AUTO_INCREMENT,
  `user_organization_email_id` varchar(60) NOT NULL,
  `user_password` varchar(150) CHARACTER SET utf8 COLLATE utf8_unicode_ci NOT NULL,
  `user_created_by` int(3) NOT NULL,
  `user_creation_date` datetime NOT NULL,
  PRIMARY KEY (`user_id`)
) ENGINE=InnoDB  DEFAULT CHARSET=latin1 AUTO_INCREMENT=3 ;

--
-- Dumping data for table `user`
--

INSERT INTO `user` (`user_id`, `user_organization_email_id`, `user_password`, `user_created_by`, `user_creation_date`) VALUES
(1, 'sadmin@hansaba.com', '638e1b88a075ff8ff17a10dbb36b42d5', 2, '2012-07-10 00:00:00'),
(2, 'admin@hansaba.com', 'f6fdffe48c908deb0f4c3bd36c032e72', 1, '2012-07-10 17:54:17');

-- --------------------------------------------------------

--
-- Table structure for table `user_rights`
--

CREATE TABLE IF NOT EXISTS `user_rights` (
  `id` int(3) NOT NULL AUTO_INCREMENT,
  `user_id` int(1) NOT NULL,
  `mainmenu_id` int(1) NOT NULL,
  `submenu_id` int(1) NOT NULL,
  `from_date` datetime NOT NULL,
  `to_date` datetime NOT NULL,
  `create` tinyint(1) NOT NULL,
  `read` tinyint(1) NOT NULL,
  `update` tinyint(1) NOT NULL,
  `delete` tinyint(1) NOT NULL,
  PRIMARY KEY (`id`)
) ENGINE=InnoDB DEFAULT CHARSET=utf8 COLLATE=utf8_unicode_ci AUTO_INCREMENT=1 ;

-- --------------------------------------------------------

--
-- Table structure for table `visitor_pass`
--

CREATE TABLE IF NOT EXISTS `visitor_pass` (
  `pass_no` int(9) NOT NULL AUTO_INCREMENT,
  `in_date_time` time NOT NULL,
  `visitor_name` varchar(25) CHARACTER SET utf8 COLLATE utf8_unicode_ci NOT NULL,
  `contact_person` varchar(40) CHARACTER SET utf8 COLLATE utf8_unicode_ci NOT NULL,
  `purpose` varchar(50) CHARACTER SET utf8 COLLATE utf8_unicode_ci NOT NULL,
  `department` int(3) NOT NULL,
  `address` varchar(200) CHARACTER SET utf8 COLLATE utf8_unicode_ci NOT NULL,
  `company_represented` varchar(50) NOT NULL,
  `vehicle_no` varchar(15) NOT NULL,
  `no_of_persons` int(3) NOT NULL,
  `remark` varchar(100) CHARACTER SET utf8 COLLATE utf8_unicode_ci NOT NULL,
  `photo` varchar(250) CHARACTER SET utf8 COLLATE utf8_unicode_ci NOT NULL,
  `age` int(2) NOT NULL,
  `gender` varchar(6) CHARACTER SET utf8 COLLATE utf8_unicode_ci NOT NULL,
  `out_time` int(2) NOT NULL,
  `batch_no` int(9) DEFAULT NULL,
  `item_carring` int(5) DEFAULT NULL,
  `In_Out_Status` tinyint(1) NOT NULL,
  `Actual_Out_Time` datetime DEFAULT NULL,
  PRIMARY KEY (`pass_no`),
  KEY `fk_visit_Dep` (`department`)
) ENGINE=InnoDB DEFAULT CHARSET=latin1 AUTO_INCREMENT=1 ;

-- --------------------------------------------------------

--
-- Table structure for table `year`
--

CREATE TABLE IF NOT EXISTS `year` (
  `year_id` int(2) NOT NULL AUTO_INCREMENT,
  `year` int(4) NOT NULL,
  PRIMARY KEY (`year_id`)
) ENGINE=InnoDB DEFAULT CHARSET=latin1 AUTO_INCREMENT=1 ;

--
-- Constraints for dumped tables
--

--
-- Constraints for table `academic_term`
--
ALTER TABLE `academic_term`
  ADD CONSTRAINT `academic_term_ibfk_1` FOREIGN KEY (`academic_term_period_id`) REFERENCES `academic_term_period` (`academic_terms_period_id`);

--
-- Constraints for table `AuthAssignment`
--
ALTER TABLE `AuthAssignment`
  ADD CONSTRAINT `AuthAssignment_ibfk_1` FOREIGN KEY (`itemname`) REFERENCES `AuthItem` (`name`) ON DELETE CASCADE ON UPDATE CASCADE;

--
-- Constraints for table `AuthItemChild`
--
ALTER TABLE `AuthItemChild`
  ADD CONSTRAINT `AuthItemChild_ibfk_1` FOREIGN KEY (`parent`) REFERENCES `AuthItem` (`name`) ON DELETE CASCADE ON UPDATE CASCADE,
  ADD CONSTRAINT `AuthItemChild_ibfk_2` FOREIGN KEY (`child`) REFERENCES `AuthItem` (`name`) ON DELETE CASCADE ON UPDATE CASCADE;

--
-- Constraints for table `currency_transaction`
--
ALTER TABLE `currency_transaction`
  ADD CONSTRAINT `fk_tracurrency` FOREIGN KEY (`fees_payment_cash_id`) REFERENCES `fees_payment_cash` (`fees_payment_cash_id`);

--
-- Constraints for table `division`
--
ALTER TABLE `division`
  ADD CONSTRAINT `division_ibfk_1` FOREIGN KEY (`branch_id`) REFERENCES `branch` (`branch_id`),
  ADD CONSTRAINT `division_ibfk_2` FOREIGN KEY (`academic_period_id`) REFERENCES `academic_term_period` (`academic_terms_period_id`),
  ADD CONSTRAINT `division_ibfk_3` FOREIGN KEY (`academic_name_id`) REFERENCES `academic_term` (`academic_term_id`);

--
-- Constraints for table `employee_academic_record_trans`
--
ALTER TABLE `employee_academic_record_trans`
  ADD CONSTRAINT `fk_emp_eduboard` FOREIGN KEY (`employee_academic_record_trans_eduboard_id`) REFERENCES `eduboard` (`eduboard_id`),
  ADD CONSTRAINT `fk_emp_qualification` FOREIGN KEY (`employee_academic_record_trans_qualification_id`) REFERENCES `qualification` (`qualification_id`),
  ADD CONSTRAINT `fk_emp_year` FOREIGN KEY (`employee_academic_record_trans_year_id`) REFERENCES `year` (`year_id`);

--
-- Constraints for table `employee_docs_trans`
--
ALTER TABLE `employee_docs_trans`
  ADD CONSTRAINT `fk_emp_docs_id` FOREIGN KEY (`employee_docs_trans_emp_docs_id`) REFERENCES `employee_docs` (`employee_docs_id`);

--
-- Constraints for table `employee_transaction`
--
ALTER TABLE `employee_transaction`
  ADD CONSTRAINT `fk_branch` FOREIGN KEY (`employee_transaction_branch_id`) REFERENCES `branch` (`branch_id`),
  ADD CONSTRAINT `fk_category` FOREIGN KEY (`employee_transaction_category_id`) REFERENCES `category` (`category_id`),
  ADD CONSTRAINT `fk_department` FOREIGN KEY (`employee_transaction_department_id`) REFERENCES `department` (`department_id`),
  ADD CONSTRAINT `fk_designation` FOREIGN KEY (`employee_transaction_designation_id`) REFERENCES `employee_designation` (`employee_designation_id`),
  ADD CONSTRAINT `fk_emp_info` FOREIGN KEY (`employee_transaction_employee_id`) REFERENCES `employee_info` (`employee_id`),
  ADD CONSTRAINT `fk_emp_photo` FOREIGN KEY (`employee_transaction_emp_photos_id`) REFERENCES `employee_photos` (`employee_photos_id`),
  ADD CONSTRAINT `fk_nationality` FOREIGN KEY (`employee_transaction_nationality_id`) REFERENCES `nationality` (`nationality_id`),
  ADD CONSTRAINT `fk_organization` FOREIGN KEY (`employee_transaction_organization_id`) REFERENCES `organization` (`organization_id`),
  ADD CONSTRAINT `fk_quota` FOREIGN KEY (`employee_transaction_quota_id`) REFERENCES `quota` (`quota_id`),
  ADD CONSTRAINT `fk_religion` FOREIGN KEY (`employee_transaction_religion_id`) REFERENCES `religion` (`religion_id`),
  ADD CONSTRAINT `fk_shift` FOREIGN KEY (`employee_transaction_shift_id`) REFERENCES `shift` (`shift_id`);

--
-- Constraints for table `fees_master`
--
ALTER TABLE `fees_master`
  ADD CONSTRAINT `fees_master_ibfk_1` FOREIGN KEY (`fees_academic_term_name_id`) REFERENCES `academic_term` (`academic_term_id`),
  ADD CONSTRAINT `fk_ACDM_ID` FOREIGN KEY (`fees_academic_term_id`) REFERENCES `academic_term_period` (`academic_terms_period_id`),
  ADD CONSTRAINT `fk_BRANCH_ID` FOREIGN KEY (`fees_branch_id`) REFERENCES `branch` (`branch_id`),
  ADD CONSTRAINT `fk_ORG_ID` FOREIGN KEY (`fees_organization_id`) REFERENCES `organization` (`organization_id`),
  ADD CONSTRAINT `fk_QUOTA_ID` FOREIGN KEY (`fees_quota_id`) REFERENCES `quota` (`quota_id`);

--
-- Constraints for table `fees_master_transaction`
--
ALTER TABLE `fees_master_transaction`
  ADD CONSTRAINT `fk_fees_details` FOREIGN KEY (`fees_desc_id`) REFERENCES `fees_details_table` (`fees_details_id`);

--
-- Constraints for table `fees_payment_transaction`
--
ALTER TABLE `fees_payment_transaction`
  ADD CONSTRAINT `fk_fees_pay_method` FOREIGN KEY (`fees_payment_method_id`) REFERENCES `fees_payment_method` (`fees_payment_method_id`);

--
-- Constraints for table `inward`
--
ALTER TABLE `inward`
  ADD CONSTRAINT `inward_ibfk_1` FOREIGN KEY (`department`) REFERENCES `department` (`department_id`),
  ADD CONSTRAINT `inward_ibfk_2` FOREIGN KEY (`org_name_id`) REFERENCES `organization` (`organization_id`),
  ADD CONSTRAINT `inward_ibfk_3` FOREIGN KEY (`org_name_id`) REFERENCES `organization` (`organization_id`);

--
-- Constraints for table `inward_details`
--
ALTER TABLE `inward_details`
  ADD CONSTRAINT `fk_aca_termp` FOREIGN KEY (`item_category_id`) REFERENCES `category` (`category_id`),
  ADD CONSTRAINT `FK_iitemid` FOREIGN KEY (`item_category_id`) REFERENCES `item_category` (`id`);

--
-- Constraints for table `organization`
--
ALTER TABLE `organization`
  ADD CONSTRAINT `fk_org_city` FOREIGN KEY (`city`) REFERENCES `city` (`city_id`),
  ADD CONSTRAINT `fk_org_country` FOREIGN KEY (`country`) REFERENCES `country` (`id`),
  ADD CONSTRAINT `fk_org_state` FOREIGN KEY (`state`) REFERENCES `state` (`state_id`);

--
-- Constraints for table `outward`
--
ALTER TABLE `outward`
  ADD CONSTRAINT `fk_depart` FOREIGN KEY (`department`) REFERENCES `department` (`department_id`),
  ADD CONSTRAINT `fk_org` FOREIGN KEY (`org_name_id`) REFERENCES `organization` (`organization_id`);

--
-- Constraints for table `outward_details`
--
ALTER TABLE `outward_details`
  ADD CONSTRAINT `fk_itemcat` FOREIGN KEY (`item_category_id`) REFERENCES `item_category` (`id`),
  ADD CONSTRAINT `fk_name` FOREIGN KEY (`name`) REFERENCES `inward_details` (`id`),
  ADD CONSTRAINT `fk_out` FOREIGN KEY (`outward_id`) REFERENCES `outward` (`id`);

--
-- Constraints for table `Rights`
--
ALTER TABLE `Rights`
  ADD CONSTRAINT `Rights_ibfk_1` FOREIGN KEY (`itemname`) REFERENCES `AuthItem` (`name`) ON DELETE CASCADE ON UPDATE CASCADE;

--
-- Constraints for table `student_academic_record_trans`
--
ALTER TABLE `student_academic_record_trans`
  ADD CONSTRAINT `fk_eduboard` FOREIGN KEY (`student_academic_record_trans_eduboard_id`) REFERENCES `eduboard` (`eduboard_id`),
  ADD CONSTRAINT `fk_qualification` FOREIGN KEY (`student_academic_record_trans_qualification_id`) REFERENCES `qualification` (`qualification_id`),
  ADD CONSTRAINT `fk_year` FOREIGN KEY (`student_academic_record_trans_record_trans_year_id`) REFERENCES `year` (`year_id`);

--
-- Constraints for table `student_docs_trans`
--
ALTER TABLE `student_docs_trans`
  ADD CONSTRAINT `fk_student_docs_id` FOREIGN KEY (`student_docs_trans_stud_docs_id`) REFERENCES `student_docs` (`student_docs_id`);

--
-- Constraints for table `student_transaction`
--
ALTER TABLE `student_transaction`
  ADD CONSTRAINT `batch_ibfk_4` FOREIGN KEY (`student_academic_term_period_tran_id`) REFERENCES `academic_term_period` (`academic_terms_period_id`),
  ADD CONSTRAINT `batch_ibfk_5` FOREIGN KEY (`student_academic_term_name_id`) REFERENCES `academic_term` (`academic_term_id`);

--
-- Constraints for table `visitor_pass`
--
ALTER TABLE `visitor_pass`
  ADD CONSTRAINT `fk_visit_Dep` FOREIGN KEY (`department`) REFERENCES `department` (`department_id`);

/*!40101 SET CHARACTER_SET_CLIENT=@OLD_CHARACTER_SET_CLIENT */;
/*!40101 SET CHARACTER_SET_RESULTS=@OLD_CHARACTER_SET_RESULTS */;
/*!40101 SET COLLATION_CONNECTION=@OLD_COLLATION_CONNECTION */;
